Temperature (K),Solid Volume Fraction of h2o,Volume (m^3),X (m),Y (m),Z (m)
299.73028564453125,0,6.2499999842202669e-08,0,0.00050000002374872565,0
299.73028564453125,0,6.2499999842202669e-08,0.00012500000186264516,0.00050000002374872565,0
299.73028564453125,0,6.2499999842202669e-08,0.00025000000372529032,0.00050000002374872565,0
299.19100952148438,0,6.2500006947630027e-08,0.00037500000558793545,0.00050000002374872565,0
299.19100952148438,0,6.2500006947630027e-08,0.00050000000745058064,0.00050000002374872565,0
298.65206909179688,0,6.2499999842202669e-08,0.00062500000931322577,0.00050000002374872565,0
298.65206909179688,0,6.2499999842202669e-08,0.0007500000111758709,0.00050000002374872565,0
298.11367797851562,0,6.2499999842202669e-08,0.00087500001303851614,0.00050000002374872565,0
298.11367797851562,0,6.2499999842202669e-08,0.0010000000149011613,0.00050000002374872565,0
297.57598876953125,0,6.2499999842202669e-08,0.0011250000167638064,0.00050000002374872565,0
297.57598876953125,0,6.2499999842202669e-08,0.0012500000186264515,0.00050000002374872565,0
297.03924560546875,0,6.2500006947630027e-08,0.0013750000204890967,0.00050000002374872565,0
297.03924560546875,0,6.2500006947630027e-08,0.0015000000223517418,0.00050000002374872565,0
296.49526977539062,0,6.4453125503405317e-08,0.0016250000242143869,0.00050000002374872565,0
296.49526977539062,0,6.4453125503405317e-08,0.0017500000260770323,0.00050000002374872565,0
295.96096801757812,0,6.0546874181000021e-08,0.0018750000279396772,0.00050000002374872565,0
295.96096801757812,0,6.0546874181000021e-08,0.0020000000298023225,0.00050000002374872565,0
295.43649291992188,0,6.2499999842202669e-08,0.0021250000316649677,0.00050000002374872565,0
294.90536499023438,0,6.2499999842202669e-08,0.0022500000335276128,0.00050000002374872565,0
294.90536499023438,0,6.2499999842202669e-08,0.0023750000353902579,0.00050000002374872565,0
294.90536499023438,0,6.2499999842202669e-08,0.0025000000372529031,0.00050000002374872565,0
294.37612915039062,0,6.2499999842202669e-08,0.0026250000391155482,0.00050000002374872565,0
294.37612915039062,0,6.2499999842202669e-08,0.0027500000409781933,0.00050000002374872565,0
293.84893798828125,0,6.2500006947630027e-08,0.0028750000428408385,0.00050000002374872565,0
293.84893798828125,0,6.2500006947630027e-08,0.0030000000447034836,0.00050000002374872565,0
293.32400512695312,0,6.2499999842202669e-08,0.0031250000465661287,0.00050000002374872565,0
293.32400512695312,0,6.2499999842202669e-08,0.0032500000484287739,0.00050000002374872565,0
292.801513671875,0,6.2500006947630027e-08,0.0033750000502914194,0.00050000002374872565,0
292.801513671875,0,6.2500006947630027e-08,0.0035000000521540646,0.00050000002374872565,0
292.28164672851562,0,6.2499999842202669e-08,0.0036250000540167093,0.00050000002374872565,0
291.7645263671875,0,6.2499999842202669e-08,0.0037500000558793544,0.00050000002374872565,0
291.7645263671875,0,6.2499999842202669e-08,0.0038750000577419995,0.00050000002374872565,0
291.7645263671875,0,6.2499999842202669e-08,0.0040000000596046451,0.00050000002374872565,0
291.2503662109375,0,6.2499999842202669e-08,0.0041250000614672898,0.00050000002374872565,0
291.2503662109375,0,6.2499999842202669e-08,0.0042500000633299354,0.00050000002374872565,0
290.747314453125,0,6.0546874181000021e-08,0.00437500006519258,0.00050000002374872565,0
290.23947143554688,0,6.4453125503405317e-08,0.0045000000670552256,0.00050000002374872565,0
290.23947143554688,0,6.4453125503405317e-08,0.0046250000689178703,0.00050000002374872565,0
290.23947143554688,0,6.4453125503405317e-08,0.0047500000707805159,0.00050000002374872565,0
289.727294921875,0,6.2499999842202669e-08,0.0048750000726431606,0.00050000002374872565,0
289.727294921875,0,6.2499999842202669e-08,0.0050000000745058061,0.00050000002374872565,0
289.22662353515625,0,6.2499999842202669e-08,0.0051250000763684508,0.00050000002374872565,0
289.22662353515625,0,6.2499999842202669e-08,0.0052500000782310964,0.00050000002374872565,0
288.729736328125,0,6.2499999842202669e-08,0.0053750000800937411,0.00050000002374872565,0
288.729736328125,0,6.2499999842202669e-08,0.0055000000819563867,0.00050000002374872565,0
288.23675537109375,0,6.2499999842202669e-08,0.0056250000838190322,0.00050000002374872565,0
288.23675537109375,0,6.2499999842202669e-08,0.0057500000856816769,0.00050000002374872565,0
287.74786376953125,0,6.2499999842202669e-08,0.0058750000875443216,0.00050000002374872565,0
287.74786376953125,0,6.2499999842202669e-08,0.0060000000894069672,0.00050000002374872565,0
287.26318359375,0,6.2499999842202669e-08,0.0061250000912696119,0.00050000002374872565,0
287.26318359375,0,6.2499999842202669e-08,0.0062500000931322575,0.00050000002374872565,0
286.78280639648438,0,6.2499999842202669e-08,0.006375000094994903,0.00050000002374872565,0
286.78280639648438,0,6.2499999842202669e-08,0.0065000000968575477,0.00050000002374872565,0
286.30694580078125,0,6.2500006947630027e-08,0.0066250000987201933,0.00050000002374872565,0
286.30694580078125,0,6.2500006947630027e-08,0.0067500001005828389,0.00050000002374872565,0
285.835693359375,0,6.2499999842202669e-08,0.0068750001024454836,0.00050000002374872565,0
285.835693359375,0,6.2499999842202669e-08,0.0070000001043081291,0.00050000002374872565,0
285.36917114257812,0,6.2499999842202669e-08,0.007125000106170773,0.00050000002374872565,0
284.90750122070312,0,6.2499999842202669e-08,0.0072500001080334185,0.00050000002374872565,0
284.90750122070312,0,6.2499999842202669e-08,0.0073750001098960632,0.00050000002374872565,0
284.45083618164062,0,6.2500006947630027e-08,0.0075000001117587088,0.00050000002374872565,0
284.45083618164062,0,6.2500006947630027e-08,0.0076250001136213543,0.00050000002374872565,0
283.99221801757812,0,6.4453125503405317e-08,0.007750000115483999,0.00050000002374872565,0
283.99221801757812,0,6.4453125503405317e-08,0.0078750001173466446,0.00050000002374872565,0
283.99221801757812,0,6.4453125503405317e-08,0.0080000001192092902,0.00050000002374872565,0
283.54598999023438,0,6.0546874181000021e-08,0.0081250001210719357,0.00050000002374872565,0
283.54598999023438,0,6.0546874181000021e-08,0.0082500001229345796,0.00050000002374872565,0
283.11178588867188,0,6.2499999842202669e-08,0.0083750001247972251,0.00050000002374872565,0
283.11178588867188,0,6.2499999842202669e-08,0.0085000001266598707,0.00050000002374872565,0
282.67608642578125,0,6.2499999842202669e-08,0.0086250001285225145,0.00050000002374872565,0
282.67608642578125,0,6.2499999842202669e-08,0.0087500001303851601,0.00050000002374872565,0
282.24588012695312,0,6.2499999842202669e-08,0.0088750001322478057,0.00050000002374872565,0
281.8212890625,0,6.2500006947630027e-08,0.0090000001341104512,0.00050000002374872565,0
281.8212890625,0,6.2500006947630027e-08,0.0091250001359730951,0.00050000002374872565,0
281.8212890625,0,6.2500006947630027e-08,0.0092500001378357406,0.00050000002374872565,0
281.40231323242188,0,6.2499999842202669e-08,0.0093750001396983862,0.00050000002374872565,0
281.40231323242188,0,6.2499999842202669e-08,0.0095000001415610318,0.00050000002374872565,0
280.98910522460938,0,6.2500006947630027e-08,0.0096250001434236773,0.00050000002374872565,0
280.98910522460938,0,6.2500006947630027e-08,0.0097500001452863212,0.00050000002374872565,0
280.58172607421875,0,6.2499999842202669e-08,0.0098750001471489667,0.00050000002374872565,0
280.58172607421875,0,6.2499999842202669e-08,0.010000000149011612,0.00050000002374872565,0
280.18020629882812,0,6.2499999842202669e-08,0.010125000150874258,0.00050000002374872565,0
280.18020629882812,0,6.2499999842202669e-08,0.010250000152736902,0.00050000002374872565,0
279.78466796875,0,6.2499999842202669e-08,0.010375000154599547,0.00050000002374872565,0
279.78466796875,0,6.2499999842202669e-08,0.010500000156462193,0.00050000002374872565,0
279.40121459960938,0,6.0546874181000021e-08,0.010625000158324837,0.00050000002374872565,0
279.017578125,0,6.4453125503405317e-08,0.010750000160187482,0.00050000002374872565,0
279.017578125,0,6.4453125503405317e-08,0.010875000162050128,0.00050000002374872565,0
279.017578125,0,6.4453125503405317e-08,0.011000000163912773,0.00050000002374872565,0
278.63433837890625,0,6.2499999842202669e-08,0.011125000165775419,0.00050000002374872565,0
278.63433837890625,0,6.2499999842202669e-08,0.011250000167638064,0.00050000002374872565,0
278.26309204101562,0,6.2499999842202669e-08,0.011375000169500708,0.00050000002374872565,0
278.26309204101562,0,6.2499999842202669e-08,0.011500000171363354,0.00050000002374872565,0
277.89797973632812,0,6.2499999842202669e-08,0.011625000173225999,0.00050000002374872565,0
277.53897094726562,0,6.2499999842202669e-08,0.011750000175088643,0.00050000002374872565,0
277.53897094726562,0,6.2499999842202669e-08,0.011875000176951289,0.00050000002374872565,0
277.53897094726562,0,6.2499999842202669e-08,0.012000000178813934,0.00050000002374872565,0
277.18600463867188,0,6.2499999842202669e-08,0.01212500018067658,0.00050000002374872565,0
276.83901977539062,0,6.2499999842202669e-08,0.012250000182539224,0.00050000002374872565,0
276.83901977539062,0,6.2499999842202669e-08,0.012375000184401869,0.00050000002374872565,0
276.83901977539062,0,6.2499999842202669e-08,0.012500000186264515,0.00050000002374872565,0
276.49789428710938,0,6.2499999842202669e-08,0.01262500018812716,0.00050000002374872565,0
276.49789428710938,0,6.2499999842202669e-08,0.012750000189989806,0.00050000002374872565,0
276.16241455078125,0,6.2499999842202669e-08,0.01287500019185245,0.00050000002374872565,0
276.16241455078125,0,6.2499999842202669e-08,0.013000000193715095,0.00050000002374872565,0
275.83242797851562,0,6.2499999842202669e-08,0.013125000195577741,0.00050000002374872565,0
275.83242797851562,0,6.2499999842202669e-08,0.013250000197440387,0.00050000002374872565,0
275.50765991210938,0,6.2500006947630027e-08,0.013375000199303032,0.00050000002374872565,0
275.50765991210938,0,6.2500006947630027e-08,0.013500000201165678,0.00050000002374872565,0
275.18780517578125,0,6.2499999842202669e-08,0.013625000203028322,0.00050000002374872565,0
275.18780517578125,0,6.2499999842202669e-08,0.013750000204890967,0.00050000002374872565,0
274.87255859375,0,6.2499999842202669e-08,0.013875000206753613,0.00050000002374872565,0
274.87255859375,0,6.2499999842202669e-08,0.014000000208616258,0.00050000002374872565,0
274.55685424804688,0,6.4453125503405317e-08,0.0141250002104789,0.00050000002374872565,0
274.55685424804688,0,6.4453125503405317e-08,0.014250000212341546,0.00050000002374872565,0
274.25067138671875,0,6.0546874181000021e-08,0.014375000214204191,0.00050000002374872565,0
273.95443725585938,0,6.2499999842202669e-08,0.014500000216066837,0.00050000002374872565,0
273.95443725585938,0,6.2499999842202669e-08,0.014625000217929481,0.00050000002374872565,0
273.95443725585938,0,6.2499999842202669e-08,0.014750000219792126,0.00050000002374872565,0
273.66177368164062,0,6.2500006947630027e-08,0.014875000221654772,0.00050000002374872565,0
273.38433837890625,0,6.2499999842202669e-08,0.015000000223517418,0.00050000002374872565,0
273.38433837890625,0,6.2499999842202669e-08,0.015125000225380063,0.00050000002374872565,0
273.38433837890625,0,6.2499999842202669e-08,0.015250000227242709,0.00050000002374872565,0
273.13833618164062,3.6859564715996385e-05,6.2499999842202669e-08,0.015375000229105353,0.00050000002374872565,0
273.01104736328125,0.40962052345275879,6.2499999842202669e-08,0.015500000230967998,0.00050000002374872565,0
273.01104736328125,0.40962052345275879,6.2499999842202669e-08,0.015625000232830644,0.00050000002374872565,0
273.01104736328125,0.40962052345275879,6.2499999842202669e-08,0.015750000234693289,0.00050000002374872565,0
272.99978637695312,0.48675543069839478,6.2500006947630027e-08,0.015875000236555935,0.00050000002374872565,0
272.99978637695312,0.48675543069839478,6.2500006947630027e-08,0.01600000023841858,0.00050000002374872565,0
272.99948120117188,0.49980577826499939,6.2499999842202669e-08,0.016125000240281226,0.00050000002374872565,0
272.99948120117188,0.49980577826499939,6.2499999842202669e-08,0.016250000242143871,0.00050000002374872565,0
272.99966430664062,0.50106519460678101,6.2499999842202669e-08,0.016375000244006514,0.00050000002374872565,0
272.99966430664062,0.50106519460678101,6.2499999842202669e-08,0.016500000245869159,0.00050000002374872565,0
272.99984741210938,0.50059831142425537,6.2499999842202669e-08,0.016625000247731805,0.00050000002374872565,0
272.99984741210938,0.50059831142425537,6.2499999842202669e-08,0.01675000024959445,0.00050000002374872565,0
272.99993896484375,0.50017976760864258,6.0546874181000021e-08,0.016875000251457096,0.00050000002374872565,0
273,0.5,6.4453125503405317e-08,0.017000000253319741,0.00050000002374872565,0
273,0.5,6.4453125503405317e-08,0.017125000255182387,0.00050000002374872565,0
273,0.5,6.4453125503405317e-08,0.017250000257045029,0.00050000002374872565,0
273,0.5,6.2500006947630027e-08,0.017375000258907675,0.00050000002374872565,0
273,0.5,6.2500006947630027e-08,0.01750000026077032,0.00050000002374872565,0
273,0.5,6.2499999842202669e-08,0.017625000262632966,0.00050000002374872565,0
273,0.5,6.2499999842202669e-08,0.017750000264495611,0.00050000002374872565,0
273,0.5,6.2499999842202669e-08,0.017875000266358257,0.00050000002374872565,0
273,0.5,6.2499999842202669e-08,0.018000000268220902,0.00050000002374872565,0
273,0.5,6.2499999842202669e-08,0.018125000270083545,0.00050000002374872565,0
273,0.5,6.2499999842202669e-08,0.01825000027194619,0.00050000002374872565,0
273,0.5,6.2499999842202669e-08,0.018375000273808836,0.00050000002374872565,0
273,0.5,6.2499999842202669e-08,0.018500000275671481,0.00050000002374872565,0
273,0.5,6.2499999842202669e-08,0.018625000277534127,0.00050000002374872565,0
273,0.5,6.2499999842202669e-08,0.018750000279396772,0.00050000002374872565,0
273,0.5,6.2499999842202669e-08,0.018875000281259418,0.00050000002374872565,0
273,0.5,6.2499999842202669e-08,0.019000000283122064,0.00050000002374872565,0
273,0.5,6.2499999842202669e-08,0.019125000284984709,0.00050000002374872565,0
273,0.5,6.2499999842202669e-08,0.019250000286847355,0.00050000002374872565,0
273,0.5,6.2499999842202669e-08,0.01937500028871,0.00050000002374872565,0
273,0.5,6.2499999842202669e-08,0.019500000290572642,0.00050000002374872565,0
273,0.5,6.2500006947630027e-08,0.019625000292435288,0.00050000002374872565,0
273,0.5,6.2500006947630027e-08,0.019750000294297933,0.00050000002374872565,0
273,0.5,6.2499999842202669e-08,0.019875000296160579,0.00050000002374872565,0
273,0.5,6.2499999842202669e-08,0.020000000298023225,0.00050000002374872565,0
273,0.5,6.2499999842202669e-08,0.02012500029988587,0.00050000002374872565,0
273,0.5,6.2499999842202669e-08,0.020250000301748516,0.00050000002374872565,0
273,0.5,6.4453125503405317e-08,0.020375000303611158,0.00050000002374872565,0
273,0.5,6.4453125503405317e-08,0.020500000305473803,0.00050000002374872565,0
273,0.5,6.0546874181000021e-08,0.020625000307336449,0.00050000002374872565,0
273,0.5,6.2499999842202669e-08,0.020750000309199094,0.00050000002374872565,0
273,0.5,6.2499999842202669e-08,0.02087500031106174,0.00050000002374872565,0
273,0.5,6.2499999842202669e-08,0.021000000312924386,0.00050000002374872565,0
273,0.5,6.2500006947630027e-08,0.021125000314787031,0.00050000002374872565,0
273,0.5,6.2500006947630027e-08,0.021250000316649673,0.00050000002374872565,0
273,0.5,6.2499999842202669e-08,0.021375000318512319,0.00050000002374872565,0
273,0.5,6.2499999842202669e-08,0.021500000320374964,0.00050000002374872565,0
273,0.5,6.2499999842202669e-08,0.02162500032223761,0.00050000002374872565,0
273,0.5,6.2499999842202669e-08,0.021750000324100256,0.00050000002374872565,0
273,0.5,6.2499999842202669e-08,0.021875000325962901,0.00050000002374872565,0
273,0.5,6.2499999842202669e-08,0.022000000327825547,0.00050000002374872565,0
273,0.5,6.2500006947630027e-08,0.022125000329688192,0.00050000002374872565,0
273,0.5,6.2500006947630027e-08,0.022250000331550838,0.00050000002374872565,0
273,0.5,6.2499999842202669e-08,0.022375000333413483,0.00050000002374872565,0
273,0.5,6.2499999842202669e-08,0.022500000335276129,0.00050000002374872565,0
273,0.5,6.2499999842202669e-08,0.022625000337138771,0.00050000002374872565,0
273,0.5,6.2499999842202669e-08,0.022750000339001417,0.00050000002374872565,0
273,0.5,6.2499999842202669e-08,0.022875000340864062,0.00050000002374872565,0
273,0.5,6.2499999842202669e-08,0.023000000342726708,0.00050000002374872565,0
273,0.5,6.0546874181000021e-08,0.023125000344589353,0.00050000002374872565,0
273,0.5,6.4453125503405317e-08,0.023250000346451999,0.00050000002374872565,0
273,0.5,6.4453125503405317e-08,0.023375000348314644,0.00050000002374872565,0
273,0.5,6.2500006947630027e-08,0.023500000350177287,0.00050000002374872565,0
273,0.5,6.2500006947630027e-08,0.023625000352039932,0.00050000002374872565,0
273,0.5,6.2500006947630027e-08,0.023750000353902578,0.00050000002374872565,0
273,0.5,6.2499999842202669e-08,0.023875000355765223,0.00050000002374872565,0
273,0.5,6.2499999842202669e-08,0.024000000357627869,0.00050000002374872565,0
273,0.5,6.2499999842202669e-08,0.024125000359490514,0.00050000002374872565,0
273,0.5,6.2499999842202669e-08,0.02425000036135316,0.00050000002374872565,0
273,0.5,6.2499999842202669e-08,0.024375000363215802,0.00050000002374872565,0
273,0.5,6.2499999842202669e-08,0.024500000365078448,0.00050000002374872565,0
273,0.5,6.2499999842202669e-08,0.024625000366941093,0.00050000002374872565,0
273,0.5,6.2499999842202669e-08,0.024750000368803739,0.00050000002374872565,0
273,0.5,6.2499999842202669e-08,0.024875000370666384,0.00050000002374872565,0
273,0.5,6.2499999842202669e-08,0.02500000037252903,0.00050000002374872565,0
273,0.5,6.2499999842202669e-08,0.025125000374391672,0.00050000002374872565,0
273,0.5,6.2499999842202669e-08,0.025250000376254321,0.00050000002374872565,0
273,0.5,6.2499999842202669e-08,0.025375000378116963,0.00050000002374872565,0
273,0.5,6.2499999842202669e-08,0.025500000379979612,0.00050000002374872565,0
273,0.5,6.2499999842202669e-08,0.025625000381842254,0.00050000002374872565,0
273,0.5,6.2499999842202669e-08,0.0257500003837049,0.00050000002374872565,0
273,0.5,6.2500006947630027e-08,0.025875000385567545,0.00050000002374872565,0
273,0.5,6.2500006947630027e-08,0.026000000387430191,0.00050000002374872565,0
273,0.5,6.2499999842202669e-08,0.026125000389292833,0.00050000002374872565,0
273,0.5,6.2499999842202669e-08,0.026250000391155482,0.00050000002374872565,0
273,0.5,6.2499999842202669e-08,0.026375000393018124,0.00050000002374872565,0
273,0.5,6.2499999842202669e-08,0.026500000394880773,0.00050000002374872565,0
273,0.5,6.4453125503405317e-08,0.026625000396743415,0.00050000002374872565,0
273,0.5,6.4453125503405317e-08,0.026750000398606064,0.00050000002374872565,0
273,0.5,6.0546874181000021e-08,0.026875000400468706,0.00050000002374872565,0
273,0.5,6.0546874181000021e-08,0.027000000402331355,0.00050000002374872565,0
273,0.5,6.2499999842202669e-08,0.027125000404193998,0.00050000002374872565,0
273,0.5,6.2500006947630027e-08,0.027250000406056643,0.00050000002374872565,0
273,0.5,6.2500006947630027e-08,0.027375000407919289,0.00050000002374872565,0
273,0.5,6.2500006947630027e-08,0.027500000409781934,0.00050000002374872565,0
273,0.5,6.2499999842202669e-08,0.027625000411644576,0.00050000002374872565,0
273,0.5,6.2499999842202669e-08,0.027750000413507225,0.00050000002374872565,0
273,0.5,6.2499999842202669e-08,0.027875000415369867,0.00050000002374872565,0
273,0.5,6.2499999842202669e-08,0.028000000417232516,0.00050000002374872565,0
273,0.5,6.2499999842202669e-08,0.028125000419095159,0.00050000002374872565,0
273,0.5,6.2499999842202669e-08,0.028250000420957801,0.00050000002374872565,0
273,0.5,6.2500006947630027e-08,0.02837500042282045,0.00050000002374872565,0
273,0.5,6.2500006947630027e-08,0.028500000424683092,0.00050000002374872565,0
273,0.5,6.2499999842202669e-08,0.028625000426545741,0.00050000002374872565,0
273,0.5,6.2499999842202669e-08,0.028750000428408383,0.00050000002374872565,0
273,0.5,6.2499999842202669e-08,0.028875000430271029,0.00050000002374872565,0
273,0.5,6.2499999842202669e-08,0.029000000432133674,0.00050000002374872565,0
273,0.5,6.2499999842202669e-08,0.02912500043399632,0.00050000002374872565,0
273,0.5,6.2499999842202669e-08,0.029250000435858962,0.00050000002374872565,0
273,0.5,6.0546874181000021e-08,0.029375000437721611,0.00050000002374872565,0
273,0.5,6.4453125503405317e-08,0.029500000439584253,0.00050000002374872565,0
273,0.5,6.4453125503405317e-08,0.029625000441446902,0.00050000002374872565,0
273,0.5,6.4453125503405317e-08,0.029750000443309544,0.00050000002374872565,0
273,0.5,6.2499999842202669e-08,0.029875000445172193,0.00050000002374872565,0
273,0.5,6.2499999842202669e-08,0.030000000447034835,0.00050000002374872565,0
273,0.5,6.2499999842202669e-08,0.030125000448897484,0.00050000002374872565,0
273,0.5,6.2499999842202669e-08,0.030250000450760126,0.00050000002374872565,0
273,0.5,6.2499999842202669e-08,0.030375000452622772,0.00050000002374872565,0
273,0.5,6.2499999842202669e-08,0.030500000454485417,0.00050000002374872565,0
273,0.5,6.2499999842202669e-08,0.030625000456348063,0.00050000002374872565,0
273,0.5,6.2499999842202669e-08,0.030750000458210705,0.00050000002374872565,0
273,0.5,6.2499999842202669e-08,0.030875000460073354,0.00050000002374872565,0
273,0.5,6.2499999842202669e-08,0.031000000461935996,0.00050000002374872565,0
273,0.5,6.2499999842202669e-08,0.031125000463798645,0.00050000002374872565,0
273,0.5,6.2499999842202669e-08,0.031250000465661287,0.00050000002374872565,0
273,0.5,6.2499999842202669e-08,0.031375000467523929,0.00050000002374872565,0
273,0.5,6.2499999842202669e-08,0.031500000469386578,0.00050000002374872565,0
273,0.5,6.2499999842202669e-08,0.031625000471249221,0.00050000002374872565,0
273,0.5,6.2499999842202669e-08,0.03175000047311187,0.00050000002374872565,0
273,0.5,6.2499999842202669e-08,0.031875000474974512,0.00050000002374872565,0
273,0.5,6.2499999842202669e-08,0.032000000476837161,0.00050000002374872565,0
273,0.5,6.2500006947630027e-08,0.032125000478699803,0.00050000002374872565,0
273,0.5,6.2499999842202669e-08,0.032250000480562452,0.00050000002374872565,0
273,0.5,6.2499999842202669e-08,0.032375000482425094,0.00050000002374872565,0
273,0.5,6.2499999842202669e-08,0.032500000484287743,0.00050000002374872565,0
273,0.5,6.2499999842202669e-08,0.032625000486150385,0.00050000002374872565,0
273,0.5,6.2499999842202669e-08,0.032750000488013027,0.00050000002374872565,0
273,0.5,6.4453125503405317e-08,0.032875000489875676,0.00050000002374872565,0
273,0.5,6.4453125503405317e-08,0.033000000491738318,0.00050000002374872565,0
273,0.5,6.0546874181000021e-08,0.03312500049360096,0.00050000002374872565,0
273,0.5,6.0546874181000021e-08,0.033250000495463609,0.00050000002374872565,0
273,0.5,6.2499999842202669e-08,0.033375000497326252,0.00050000002374872565,0
273,0.5,6.2499999842202669e-08,0.033500000499188901,0.00050000002374872565,0
273,0.5,6.2500006947630027e-08,0.033625000501051543,0.00050000002374872565,0
273,0.5,6.2500006947630027e-08,0.033750000502914192,0.00050000002374872565,0
273,0.5,6.2499999842202669e-08,0.033875000504776834,0.00050000002374872565,0
273,0.5,6.2499999842202669e-08,0.034000000506639483,0.00050000002374872565,0
273,0.5,6.2499999842202669e-08,0.034125000508502125,0.00050000002374872565,0
273,0.5,6.2499999842202669e-08,0.034250000510364774,0.00050000002374872565,0
273,0.5,6.2499999842202669e-08,0.034375000512227416,0.00050000002374872565,0
273,0.5,6.2499999842202669e-08,0.034500000514090058,0.00050000002374872565,0
273,0.5,6.2500006947630027e-08,0.034625000515952707,0.00050000002374872565,0
273,0.5,6.2500006947630027e-08,0.034750000517815349,0.00050000002374872565,0
273,0.5,6.2499999842202669e-08,0.034875000519677998,0.00050000002374872565,0
273,0.5,6.2499999842202669e-08,0.03500000052154064,0.00050000002374872565,0
273,0.5,6.2499999842202669e-08,0.035125000523403289,0.00050000002374872565,0
273,0.5,6.2499999842202669e-08,0.035250000525265932,0.00050000002374872565,0
273,0.5,6.2499999842202669e-08,0.035375000527128581,0.00050000002374872565,0
273,0.5,6.2499999842202669e-08,0.035500000528991223,0.00050000002374872565,0
273,0.5,6.0546874181000021e-08,0.035625000530853872,0.00050000002374872565,0
273,0.5,6.4453125503405317e-08,0.035750000532716514,0.00050000002374872565,0
273,0.5,6.4453125503405317e-08,0.035875000534579156,0.00050000002374872565,0
273,0.5,6.2500006947630027e-08,0.036000000536441805,0.00050000002374872565,0
273,0.5,6.2500006947630027e-08,0.036125000538304447,0.00050000002374872565,0
273,0.5,6.2500006947630027e-08,0.036250000540167089,0.00050000002374872565,0
273,0.5,6.2499999842202669e-08,0.036375000542029738,0.00050000002374872565,0
273,0.5,6.2499999842202669e-08,0.03650000054389238,0.00050000002374872565,0
273,0.5,6.2499999842202669e-08,0.036625000545755029,0.00050000002374872565,0
273,0.5,6.2499999842202669e-08,0.036750000547617671,0.00050000002374872565,0
273,0.5,6.2499999842202669e-08,0.03687500054948032,0.00050000002374872565,0
273,0.5,6.2499999842202669e-08,0.037000000551342963,0.00050000002374872565,0
273,0.5,6.2500006947630027e-08,0.037125000553205612,0.00050000002374872565,0
273,0.5,6.2500006947630027e-08,0.037250000555068254,0.00050000002374872565,0
273,0.5,6.2499999842202669e-08,0.037375000556930903,0.00050000002374872565,0
273,0.5,6.2499999842202669e-08,0.037500000558793545,0.00050000002374872565,0
273,0.5,6.2499999842202669e-08,0.037625000560656187,0.00050000002374872565,0
273,0.5,6.2499999842202669e-08,0.037750000562518836,0.00050000002374872565,0
273,0.5,6.2499999842202669e-08,0.037875000564381478,0.00050000002374872565,0
273,0.5,6.2499999842202669e-08,0.038000000566244127,0.00050000002374872565,0
273,0.5,6.2499999842202669e-08,0.038125000568106769,0.00050000002374872565,0
273,0.5,6.2499999842202669e-08,0.038250000569969418,0.00050000002374872565,0
273,0.5,6.2500006947630027e-08,0.03837500057183206,0.00050000002374872565,0
273,0.5,6.2500006947630027e-08,0.038500000573694709,0.00050000002374872565,0
273,0.5,6.2499999842202669e-08,0.038625000575557351,0.00050000002374872565,0
273,0.5,6.2499999842202669e-08,0.03875000057742,0.00050000002374872565,0
273,0.5,6.2499999842202669e-08,0.038875000579282643,0.00050000002374872565,0
273,0.5,6.2499999842202669e-08,0.039000000581145285,0.00050000002374872565,0
273,0.5,6.4453125503405317e-08,0.039125000583007934,0.00050000002374872565,0
273,0.5,6.4453125503405317e-08,0.039250000584870576,0.00050000002374872565,0
273,0.5,6.0546874181000021e-08,0.039375000586733218,0.00050000002374872565,0
273,0.5,6.0546874181000021e-08,0.039500000588595867,0.00050000002374872565,0
273,0.5,6.2499999842202669e-08,0.039625000590458509,0.00050000002374872565,0
273,0.5,6.2500006947630027e-08,0.039750000592321158,0.00050000002374872565,0
273,0.5,6.2500006947630027e-08,0.0398750005941838,0.00050000002374872565,0
273,0.5,6.2500006947630027e-08,0.040000000596046449,0.00050000002374872565,0
273,0.5,6.2499999842202669e-08,0.040125000597909091,0.00050000002374872565,0
273,0.5,6.2499999842202669e-08,0.04025000059977174,0.00050000002374872565,0
273,0.5,6.2499999842202669e-08,0.040375000601634382,0.00050000002374872565,0
273,0.5,6.2499999842202669e-08,0.040500000603497031,0.00050000002374872565,0
273,0.5,6.2499999842202669e-08,0.040625000605359674,0.00050000002374872565,0
273,0.5,6.2499999842202669e-08,0.040750000607222316,0.00050000002374872565,0
273,0.5,6.2499999842202669e-08,0.040875000609084965,0.00050000002374872565,0
273,0.5,6.2499999842202669e-08,0.041000000610947607,0.00050000002374872565,0
273,0.5,6.2499999842202669e-08,0.041125000612810256,0.00050000002374872565,0
273,0.5,6.2499999842202669e-08,0.041250000614672898,0.00050000002374872565,0
273,0.5,6.2499999842202669e-08,0.041375000616535547,0.00050000002374872565,0
273,0.5,6.2499999842202669e-08,0.041500000618398189,0.00050000002374872565,0
273,0.5,6.2499999842202669e-08,0.041625000620260838,0.00050000002374872565,0
273,0.5,6.2499999842202669e-08,0.04175000062212348,0.00050000002374872565,0
273,0.5,6.0546874181000021e-08,0.041875000623986129,0.00050000002374872565,0
273,0.5,6.4453125503405317e-08,0.042000000625848771,0.00050000002374872565,0
273,0.5,6.4453125503405317e-08,0.042125000627711413,0.00050000002374872565,0
273,0.5,6.4453125503405317e-08,0.042250000629574062,0.00050000002374872565,0
273,0.5,6.2500006947630027e-08,0.042375000631436704,0.00050000002374872565,0
273,0.5,6.2500006947630027e-08,0.042500000633299347,0.00050000002374872565,0
273,0.5,6.2499999842202669e-08,0.042625000635161996,0.00050000002374872565,0
273,0.5,6.2499999842202669e-08,0.042750000637024638,0.00050000002374872565,0
273,0.5,6.2499999842202669e-08,0.042875000638887287,0.00050000002374872565,0
273,0.5,6.2499999842202669e-08,0.043000000640749929,0.00050000002374872565,0
273,0.5,6.2499999842202669e-08,0.043125000642612578,0.00050000002374872565,0
273,0.5,6.2500006947630027e-08,0.04325000064447522,0.00050000002374872565,0
273,0.5,6.2500006947630027e-08,0.043375000646337869,0.00050000002374872565,0
273,0.5,6.2499999842202669e-08,0.043500000648200511,0.00050000002374872565,0
273,0.5,6.2499999842202669e-08,0.04362500065006316,0.00050000002374872565,0
273,0.5,6.2499999842202669e-08,0.043750000651925802,0.00050000002374872565,0
273,0.5,6.2499999842202669e-08,0.043875000653788444,0.00050000002374872565,0
273,0.5,6.2499999842202669e-08,0.044000000655651093,0.00050000002374872565,0
273,0.5,6.2499999842202669e-08,0.044125000657513735,0.00050000002374872565,0
273,0.5,6.2499999842202669e-08,0.044250000659376384,0.00050000002374872565,0
273,0.5,6.2499999842202669e-08,0.044375000661239027,0.00050000002374872565,0
273,0.5,6.2499999842202669e-08,0.044500000663101676,0.00050000002374872565,0
273,0.5,6.2500006947630027e-08,0.044625000664964318,0.00050000002374872565,0
273,0.5,6.2500006947630027e-08,0.044750000666826967,0.00050000002374872565,0
273,0.5,6.2499999842202669e-08,0.044875000668689609,0.00050000002374872565,0
273,0.5,6.2499999842202669e-08,0.045000000670552258,0.00050000002374872565,0
273,0.5,6.2499999842202669e-08,0.0451250006724149,0.00050000002374872565,0
273,0.5,6.4453125503405317e-08,0.045250000674277542,0.00050000002374872565,0
273,0.5,6.4453125503405317e-08,0.045375000676140191,0.00050000002374872565,0
273,0.5,6.4453125503405317e-08,0.045500000678002833,0.00050000002374872565,0
273,0.5,6.0546874181000021e-08,0.045625000679865475,0.00050000002374872565,0
273,0.5,6.0546874181000021e-08,0.045750000681728124,0.00050000002374872565,0
273,0.5,6.2499999842202669e-08,0.045875000683590766,0.00050000002374872565,0
273,0.5,6.2499999842202669e-08,0.046000000685453415,0.00050000002374872565,0
273,0.5,6.2500006947630027e-08,0.046125000687316058,0.00050000002374872565,0
273,0.5,6.2500006947630027e-08,0.046250000689178707,0.00050000002374872565,0
273,0.5,6.2499999842202669e-08,0.046375000691041349,0.00050000002374872565,0
273,0.5,6.2499999842202669e-08,0.046500000692903998,0.00050000002374872565,0
273,0.5,6.2499999842202669e-08,0.04662500069476664,0.00050000002374872565,0
273,0.5,6.2499999842202669e-08,0.046750000696629289,0.00050000002374872565,0
273,0.5,6.2499999842202669e-08,0.046875000698491931,0.00050000002374872565,0
273,0.5,6.2500006947630027e-08,0.047000000700354573,0.00050000002374872565,0
273,0.5,6.2500006947630027e-08,0.047125000702217222,0.00050000002374872565,0
273,0.5,6.2500006947630027e-08,0.047250000704079864,0.00050000002374872565,0
273,0.5,6.2499999842202669e-08,0.047375000705942513,0.00050000002374872565,0
273,0.5,6.2499999842202669e-08,0.047500000707805155,0.00050000002374872565,0
273,0.5,6.2499999842202669e-08,0.047625000709667804,0.00050000002374872565,0
273,0.5,6.2499999842202669e-08,0.047750000711530446,0.00050000002374872565,0
273,0.5,6.2499999842202669e-08,0.047875000713393095,0.00050000002374872565,0
273,0.5,6.2499999842202669e-08,0.048000000715255738,0.00050000002374872565,0
273,0.5,6.0546874181000021e-08,0.048125000717118387,0.00050000002374872565,0
273,0.5,6.4453125503405317e-08,0.048250000718981029,0.00050000002374872565,0
273,0.5,6.4453125503405317e-08,0.048375000720843671,0.00050000002374872565,0
273,0.5,6.4453125503405317e-08,0.04850000072270632,0.00050000002374872565,0
273,0.5,6.2500006947630027e-08,0.048625000724568962,0.00050000002374872565,0
273,0.5,6.2499999842202669e-08,0.048750000726431604,0.00050000002374872565,0
273,0.5,6.2499999842202669e-08,0.048875000728294253,0.00050000002374872565,0
273,0.5,6.2499999842202669e-08,0.049000000730156895,0.00050000002374872565,0
273,0.5,6.2499999842202669e-08,0.049125000732019544,0.00050000002374872565,0
273,0.5,6.2499999842202669e-08,0.049250000733882186,0.00050000002374872565,0
273,0.5,6.2499999842202669e-08,0.049375000735744835,0.00050000002374872565,0
273,0.5,6.2499999842202669e-08,0.049500000737607477,0.00050000002374872565,0
273,0.5,6.2500006947630027e-08,0.049625000739470126,0.00050000002374872565,0
273,0.5,6.2500006947630027e-08,0.049750000741332769,0.00050000002374872565,0
273,0.5,6.2499999842202669e-08,0.049875000743195418,0.00050000002374872565,0
273,0.5,6.2499999842202669e-08,0.05000000074505806,0.00050000002374872565,0
