X,Y,Temperature (K)
0.9874999998166456,0.9875000000436556,0.051291552081570685
0.9624999994499372,0.9875000000378348,0.15354429390681767
0.9874999998224664,0.962500000130967,0.15420549209735288
0.9374999993131494,0.9874999995663528,0.25480878768970455
0.9624999994673996,0.9625000001135048,0.46162254812576853
0.9874999993626258,0.9375000009196808,0.2581147983481577
0.9124999998690324,0.9875000000261932,0.35443553714655995
0.9374999993364324,0.9625000005617038,0.766066362399554
0.9624999999505232,0.937499999965075,0.7726782864545793
0.987499999834108,0.9125000005500622,0.3636925940751727
0.8874999999563439,0.9875000000203724,0.4517889488886445
0.9124999998864948,0.96250000007858,1.0655831299764682
0.937499999592546,0.9375000004074534,1.282258009351432
0.9624999995023242,0.9125000005325998,1.088725015490079
0.9874999998399288,0.887500000183354,0.47162663509425246
0.8624999998166456,0.9875000000145516,0.5462523359913117
0.8874999999621647,0.9625000000611178,1.3582608291839864
0.9125000003696184,0.9374999999185092,1.7835793605702137
0.9375000000814904,0.9125000000494764,1.806719850682951
0.9624999995197868,0.8875000001775332,1.4118196406975516
0.9874999998457497,0.8625000000436556,0.5826255386682929
0.8374999994499372,0.9875000000087308,0.6372326835392752
0.8624999998224663,0.9625000000436555,1.6422447123715802
0.8875000004336469,0.9375000008265486,2.2734384444512705
0.9124999999214192,0.9125000004976754,2.513054015372326
0.9375000003376042,0.8874999992403898,2.3428593111941787
0.9624999995372489,0.862500000037835,1.7440812597536646
0.9874999998515704,0.8375000001309671,0.6974256409335902
0.8125000000116412,0.9875000004685714,0.7241648401394429
0.8374999994673996,0.9625000000261932,1.915751492467189
0.8625000002939484,0.9374999998719428,2.748728277159449
0.8874999999738064,0.9125000004802132,3.203205636569857
0.9124999999388816,0.8875000001658917,3.2587343929474883
0.9374999994295647,0.8625000004976753,2.8941858032249494
0.9624999995547112,0.8375000001135047,2.087711413679098
0.9874999993917296,0.8125000009196808,0.8167985193808924
0.7874999998690326,0.9874999999970892,0.8065153645402966
0.8125000000349242,0.9624999995430696,2.1770821203518476
0.8374999999505232,0.9374999998486596,3.2064624124634693
0.8624999998341077,0.9125000004627508,3.872791269073693
0.8874999999796271,0.887500000160071,4.15356767470092
0.912499999956344,0.8625000000261933,4.02548721778587
0.9375000001513396,0.8374999996303811,3.464343864743235
0.9625000000378348,0.8124999999650752,2.4450163479450673
0.9874999998632118,0.7875000005500623,0.9415592797094964
0.7624999999563439,0.9874999999912684,0.883785368183508
0.7874999998864947,0.9624999999912686,2.4246328156385437
0.8124999998253766,0.937499999592546,3.6437967407406537
0.8374999995023242,0.9125000004452885,4.517600014985247
0.8624999998399288,0.8875000001542502,5.021665130277002
0.8874999999854478,0.8625000000203725,5.130703691645797
0.9124999999738064,0.8375000000785802,4.818363845945843
0.937499999941792,0.8124999999417921,4.057149667650636
0.9624999995896356,0.7875000005325999,2.818432135485148
0.9874999998690324,0.762500000183354,1.0725764595110545
0.7374999998166456,0.987499999985448,0.9555133561351201
0.7624999999621646,0.9624999999738064,2.65690468235687
0.787499999903957,0.9375000005005858,4.058047867682845
0.8124999993829984,0.9125000008934872,5.133623924400583
0.8374999995197866,0.8875000001484294,5.857560799961984
0.8624999998457494,0.8625000000145518,6.202785585199085
0.8874999999912686,0.8375000000611179,6.141022587878524
0.91250000045693,0.8124999996856784,5.642649711697
0.9374999994994138,0.7875000009807988,4.676631639679971
0.962499999607098,0.7625000001775332,3.2105529623158584
0.9874999998748532,0.7375000000436557,1.2107829195633821
0.7124999994499374,0.9874999999796272,1.021277086403475
0.7374999998224662,0.962499999956344,2.872511133371443
0.7625000004336467,0.9374999997788108,4.446709191880625
0.7874999999214193,0.9125000004103638,5.717084479605474
0.8125000003376042,0.8874999992112859,6.656056655673281
0.8374999995372489,0.8625000000087311,7.234971936669012
0.8624999998515703,0.8375000000436555,7.4238582030691544
0.8874999999970893,0.8125000001280567,7.191224191254137
0.9125000000087308,0.7875000004976753,6.503919595411821
0.9375000002211888,0.7624999997060512,5.3270769271268374
0.9624999996245605,0.737500000037835,3.624164438649177
0.987499999880674,0.7125000001309671,1.3571891676248022
0.6875000000116414,0.9875000004394676,1.0806950369358133
0.7124999994673996,0.962499999938882,3.070183970775068
0.7375000002939484,0.9374999997555276,4.807463031014683
0.7624999999738062,0.9125000003929016,6.264454353925737
0.7874999999388816,0.8875000001367878,7.412256714529856
0.8124999996623953,0.8625000000029102,8.220840254996181
0.8374999995547112,0.8375000000261934,8.658764786183614
0.8625000003230524,0.8124999998719429,8.692929528535105
0.8875000000029101,0.787500000480213,8.28836721396565
0.9125000000261932,0.7625000001658915,7.408100226222123
0.937500000244472,0.7374999995663529,6.01308520347892
0.9624999996420228,0.7125000001135048,4.062282463021088
0.9874999994208336,0.687500000919681,1.5128991279766386
0.6624999998690325,0.9874999999679857,1.1334276340761995
0.6875000000349242,0.9624999994557581,3.2487777838135514
0.7124999999505232,0.9374999994994138,5.138190930241528
0.7374999998341077,0.9125000003754392,6.772475264760231
0.762499999979627,0.8875000001309671,8.121595716798062
0.787499999956344,0.8624999999970894,9.154349023200705
0.8124999994528475,0.8375000004743922,9.838052896188039
0.8375000000378346,0.8124999996158293,10.13825426447452
0.8624999998632118,0.7875000004627508,10.018465872676543
0.8875000000087309,0.7625000001600709,9.439946157379591
0.9125000000436556,0.7375000000261933,8.36154259089256
0.937500000267755,0.7124999996303814,6.739631583877828
0.9625000001251462,0.6874999999650753,4.528199693709701
0.9874999998923156,0.6625000005500624,1.6791289468936301
0.6374999999563439,0.9874999999621648,1.179177459798894
0.6624999998864948,0.9624999999039572,3.407272757591573
0.6875000000582072,0.9374999997089616,5.436980468168557
0.7124999995023242,0.9125000003579768,7.238171314228685
0.7374999998399288,0.8875000001251464,8.77986118054503
0.7624999999854478,0.8624999999912687,10.029872374970127
0.7874999999738062,0.8374999999912686,10.954500727201602
0.8125000001746225,0.8125000000582075,11.518190900971605
0.8374999995896357,0.7875000004452885,11.683226122270352
0.8624999998690325,0.7625000001542503,11.409441755332915
0.8875000000145515,0.7375000000203726,10.653979360149696
0.9125000000611178,0.7125000000785803,9.371106535070412
0.9375000000582072,0.6874999997089617,7.512141876025477
0.9624999996769472,0.6625000005326,5.025542031125465
0.9874999998981364,0.6375000001833541,1.8572308954982473
0.6124999998166457,0.987499999956344,1.2176899691109841
0.6374999999621647,0.9624999998864948,3.5447768302148837
0.662499999903957,0.9375000003841704,5.702130184696672
0.6875000000814904,0.9124999998748532,7.658858585278008
0.7124999995197866,0.8875000001193256,9.383210348103724
0.7374999998457495,0.8624999999854479,10.842227050869695
0.7624999999912686,0.8374999999738064,12.001394931136282
0.7875000004569299,0.8124999995692631,12.824296280485086
0.8125000001979058,0.7874999999621648,13.272262490444358
0.837499999607098,0.7625000001484294,13.304034567546358
0.8624999998748532,0.7375000000145518,12.875440879941355
0.8875000000203725,0.712500000061118,11.939111787398815
0.91250000007858,0.6875000006170011,10.444261047450015
0.9374999996158292,0.662500000980799,8.336583036029936
0.9624999996944094,0.6375000001775333,5.558336970766985
0.9874999999039572,0.6125000000436557,2.0487218147481023
0.5874999994499372,0.9874999999505234,1.248753353691043
0.6124999998224665,0.9624999998690325,3.6605261496042867
0.6375000004336469,0.9375000005937179,5.932152303647199
0.6624999999214195,0.9125000003230525,8.032151111929172
0.6875000003376042,0.8874999991821821,9.928181729487738
0.7124999995372489,0.8624999999796271,11.586692018228675
0.7374999998515702,0.837499999956344,12.972561967470492
0.7624999999970892,0.8125000004773026,14.048738446644844
0.7875000000087308,0.7875000004103638,14.775862973970943
0.8125000002211888,0.7624999996769473,15.11189155444121
0.8374999996245605,0.737500000008731,15.011712501827715
0.862499999880674,0.7125000000436557,14.426773031249873
0.8875000004918546,0.6875000008265487,13.304736049527339
0.9125000000960424,0.6625000004976754,11.589204821468455
0.9375000003376042,0.6374999997060513,9.219573754637826
0.962499999711872,0.612500000037835,6.131099284734499
0.987499999909778,0.5875000001309671,2.2553197404607044
0.5625000000116412,0.987500000410364,1.2721984473003285
0.5874999994673997,0.9624999998515704,3.753885390852549
0.6125000002939484,0.9374999994062816,6.1257738080835304
0.6374999999738062,0.91250000030559,8.355964436133698
0.6624999999388816,0.887500000107684,10.411701717258937
0.6874999996623953,0.8624999999738063,12.259021300369277
0.7124999995547112,0.8374999999388818,13.862389828106558
0.7375000003230521,0.8124999997555274,15.184332070072493
0.76250000000291,0.7875000003929015,16.18504251674862
0.7875000000261932,0.7625000001367878,16.821978561627116
0.8125000002444721,0.7374999995372491,17.049434149368224
0.8374999996420228,0.7125000000261934,16.81809848605082
0.8625000003521563,0.6874999996391123,16.074610969689576
0.8875000000320141,0.6625000004802131,14.761137527631954
0.9125000001135048,0.6375000001658919,12.815012546875284
0.937500000593718,0.6124999991006916,10.168521133374965
0.9624999997293344,0.587500000113505,6.748937526733835
0.9874999994499372,0.562500000919681,2.478990020383025
0.5374999998690325,0.9874999999388816,1.2878987963543842
0.5625000000349242,0.9624999993684468,3.824347426260709
0.5874999994848619,0.937500000314321,6.281935885501505
0.6124999998341077,0.9125000002881276,8.628516213258472
0.6374999999796269,0.8875000001018633,10.831088398426342
0.6624999999563441,0.8624999999679857,12.855450994937094
0.6874999994528479,0.8375000003870807,14.665841282625706
0.7125000000378346,0.8124999997322446,16.224560952547375
0.7374999998632118,0.7875000003754393,17.491580758359998
0.7625000000087307,0.762500000130967,18.424119600045834
0.7875000000436556,0.7374999999970895,18.976190289544107
0.8125000002677552,0.7124999995430698,19.098111098268213
0.837499999659485,0.6875000003143213,18.735984074703275
0.8624999998923157,0.6625000004627508,17.831152908961105
0.8875000000378349,0.6375000001600711,16.31966838099255
0.9125000001309672,0.6125000000261935,14.131814896392283
0.9374999996856788,0.587500000561704,11.191790800955115
0.9625000002124576,0.5624999997322448,7.417689055254999
0.9874999999214193,0.5375000005500624,2.722003967433074
0.5124999999563441,0.987499999933061,1.2957699920941126
0.5374999998864947,0.9624999998166456,3.871532522284954
0.5624999998253768,0.937499999592546,6.399794279645476
0.5874999995023242,0.9125000002706652,8.848325717430155
0.6124999998399285,0.8875000000960424,11.184050990896568
0.6374999999854478,0.8624999999621649,13.372701397920803
0.6624999999738064,0.8374999999039572,15.378460078442862
0.6874999999417921,0.8124999997089615,17.16359100825836
0.7124999995896357,0.7875000003579768,18.688045298365804
0.7374999998690325,0.7625000001251464,19.909036540507252
0.7625000000145516,0.7374999999912687,20.780574482836318
0.7875000000611178,0.7124999999912687,21.25294948784859
0.812500000291038,0.6875000000582075,21.27216051036924
0.8374999996769474,0.6625000004452885,20.779287195040734
0.8624999998981364,0.6375000001542503,19.70981724034191
0.8875000000436555,0.6125000000203727,17.992961796052683
0.9125000001484292,0.5875000000785803,15.551021981219085
0.9375000004074536,0.562500000174623,12.298921342353646
0.9624999997642588,0.5375000005326,8.144093235121368
0.9874999999272404,0.512500000183354,2.9870163558779526
0.4874999998166457,0.9874999999272404,1.2957699926620303
0.5124999999621647,0.9624999997991834,3.895188183955543
0.5375000003696184,0.9374999993364324,6.4787168363409355
0.5624999993829986,0.9125000007188644,9.014212067435164
0.5874999995197864,0.8875000000902215,11.46868829304755
0.6124999998457494,0.8624999999563441,13.807975461428887
0.6374999999912687,0.8374999998864949,15.996370544574672
0.66250000045693,0.8124999994528477,17.996273636694067
0.6874999994994138,0.7875000008061758,19.767801803641127
0.712499999607098,0.7625000001193256,21.268370821912047
0.7374999998748532,0.7374999999854479,22.452229557905163
0.7625000000203724,0.7124999999738064,23.269936884578385
0.7875000005442414,0.6874999998020938,23.667764322756987
0.8125000005471518,0.6624999994965036,23.587015529494717
0.8374999996944096,0.6375000001484294,22.96325809882484
0.862499999903957,0.6125000000145518,21.725478548358506
0.8875000000494762,0.587500000061118,19.795195087311917
0.9125000006315532,0.5624999999185093,17.085603582851622
0.9375000006635668,0.5374999995838152,13.500899112082188
0.962499999781721,0.5125000001775332,8.936014322923867
0.9874999999330611,0.4875000000436556,3.2771650770456033
0.4624999994499375,0.9874999999214196,1.2878987978330978
0.4874999998224665,0.9624999997817212,3.8951881856756505
0.5124999999679856,0.9374999997788108,6.518283045767336
0.5374999999214193,0.9125000002357408,9.125292355027414
0.5625000003376042,0.8874999991530782,11.683485562396154
0.5874999995372489,0.8624999999505234,14.158954780694229
0.6124999998515702,0.8374999998690325,16.516273555754488
0.6374999999970893,0.812499999895226,18.718142031800557
0.6625000000087308,0.7875000003230523,20.725013528274125
0.6875000002211888,0.7624999996478435,22.494689166284996
0.7124999996245605,0.7374999999796272,23.981865535436178
0.7374999998806739,0.712499999956344,25.137619714342627
0.7625000004918544,0.6874999997788107,25.908810214971286
0.7875000000960423,0.662500000410364,26.237375525435922
0.8124999998719429,0.6375000001426087,26.05951271546076
0.837499999711872,0.6125000000087311,25.304726523949636
0.8624999999097779,0.5875000000436557,23.89475648167922
0.8875000005209585,0.5625000008265487,21.742417717044805
0.912500000183354,0.5375000004976755,18.750444688676918
0.9374999997555276,0.5125000006373738,14.810510142527646
0.9624999997991834,0.4875000000378348,9.802734878790794
0.987499999938882,0.4625000001309672,3.596205203203584
0.4375000000116414,0.98750000038126,1.2721984502821668
0.4624999994673998,0.962499999764259,3.871532526801802
0.4875000002939486,0.9374999995226972,6.518283073022711
0.5124999999738064,0.9125000002182786,9.18097909449881
0.5374999999388816,0.8875000000785802,11.827310483089287
0.5624999996623952,0.8624999999447025,14.423794197062394
0.5874999995547112,0.8374999998515703,16.935439069065502
0.6125000003230523,0.8124999996391122,19.32540256053031
0.63750000000291,0.78750000030559,21.554631591770896
0.6625000000261932,0.7625000001076839,23.581476057053695
0.6875000002444721,0.7374999995081452,25.361258086283563
0.7124999996420227,0.7124999999388819,26.845778725317697
0.7375000003521561,0.6874999997555277,27.982737839299055
0.7625000000320139,0.6625000003929015,28.715040122708587
0.7875000001135047,0.6375000001367879,28.979960175136227
0.8124999996623953,0.6125000004685716,28.708139929212322
0.8374999997293344,0.5875000000261935,27.82240119686437
0.86250000038126,0.5624999996391123,26.236372173609237
0.887500000061118,0.5375000004802131,23.852964484569647
0.9125000002008165,0.5125000001658918,20.5627995074581
0.9375000004773028,0.4874999995663528,16.24279927385398
0.9624999998166458,0.4625000001135048,10.755343334260811
0.9874999994790414,0.437500000919681,3.9486890081659007
0.4124999998690326,0.987499999909778,1.24875335702048
0.4375000002677552,0.962499998815474,3.824347483624469
0.4624999999505233,0.9374999992665836,6.47871684443223
0.487499999834108,0.9125000002008165,9.180979096162112
0.5124999999796271,0.8875000000727595,11.899410791219276
0.537499999956344,0.8624999999388817,14.601116112976023
0.5624999994528477,0.8375000002997692,17.25169740869871
0.5875000000378346,0.8124999996158291,19.814922396794906
0.6124999998632116,0.7875000002881277,22.252380086178555
0.6375000000087307,0.7625000001018633,24.523116507620063
0.6625000000436556,0.7374999999679857,26.583231173069546
0.6875000005005858,0.7124999989900969,28.385416545097854
0.7125000001251462,0.6874999997322447,29.878411955865655
0.7374999998923156,0.6625000003754393,31.006342872562787
0.7625000000378348,0.6375000001309671,31.707906989811036
0.7875000001309671,0.6124999999970895,31.915370007881222
0.8125000006170012,0.5874999990774085,31.553332483405203
0.8374999997467965,0.5625000005471522,30.537235253579098
0.8624999999214193,0.5375000004627509,28.771592169302984
0.8875000000669389,0.512500000160071,26.14797766611296
0.9125000002182786,0.4875000000261934,22.5428798333602
0.9375000005005858,0.4624999996303813,17.815676874346675
0.9625000002997695,0.4374999997322447,11.807254718685272
0.9874999999505236,0.4125000005500623,4.340211344104599
0.3874999999563441,0.9874999999039574,1.2176899739006546
0.4124999998864949,0.9624999997293344,3.7538854010259453
0.4374999993597156,0.9375000006402842,6.399794167793165
0.4624999995023243,0.9125000001833542,9.125292358701959
0.4874999998399289,0.8875000000669389,11.89941079159953
0.5124999999854479,0.862499999933061,14.690005356728442
0.5374999999738062,0.8374999998166456,17.46343079996583
0.5624999997089614,0.8124999998253768,20.184216378799483
0.5874999995896357,0.7875000002706654,22.81473718178877
0.6124999998690324,0.7625000000960424,25.314871458837306
0.6375000000145515,0.7374999999621649,27.64162830781616
0.6625000000611178,0.7124999999039574,29.748726179215943
0.6875000000582074,0.6875000001746229,31.586094072930724
0.7124999996769472,0.6625000003579771,33.09926189862611
0.7374999998981364,0.6375000001251465,34.22859809632529
0.7625000000436555,0.6124999999912688,34.90834711244518
0.7875000001484292,0.5874999999912687,35.06541252475186
0.8125000001746229,0.5625000002910384,34.617829663421126
0.8374999997642588,0.5375000004452885,33.47287601955713
0.8624999999272402,0.5125000001542502,31.524785186562987
0.8875000000727595,0.4875000000203726,28.652078334613595
0.9125000002357408,0.4625000000785803,24.714622952381784
0.9375000007566996,0.4374999997089617,19.55072509230804
0.9624999998515704,0.4125000005326,12.974920591928605
0.9874999999563444,0.3875000001833541,4.777753061555547
0.3624999998166457,0.9874999998981366,1.179177465459104
0.3874999999621648,0.962499999711872,3.6605261641141777
0.4125000003696185,0.9374999992200173,6.281935996087436
0.4375000000814905,0.9124999997002304,9.014212172000352
0.4624999995197866,0.887500000061118,11.827310482659987
0.4874999998457496,0.8624999999272402,14.690005357087522
0.5124999999912687,0.8374999997991834,17.56956520277267
0.5374999999912686,0.812500000267755,20.43143402198936
0.5625000001979056,0.7874999997875419,23.238915443494726
0.587499999607098,0.7625000000902217,25.952850137651247
0.6124999998748532,0.737499999956344,28.531275687567728
0.6375000000203724,0.712499999886495,30.929046989264176
0.6625000005442415,0.6874999996856785,33.09739234808308
0.6875000005471517,0.6624999994091921,34.983369398549264
0.7124999996944096,0.6375000001193258,36.5291769006885
0.737499999903957,0.6124999999854481,37.6712693244402
0.7625000000494763,0.5874999999738064,38.33920909089682
0.787500000631553,0.5624999998020938,38.45418397752939
0.8125000004307364,0.5374999999621651,37.92710777555771
0.837499999781721,0.5125000001484294,36.65622140822631
0.8624999999330611,0.4875000000145518,34.52412654119452
0.8875000000785802,0.462500000061118,31.39423178869018
0.9125000007188644,0.4374999996856786,27.106706280242385
0.93749999984866,0.412500000980799,21.474290545114602
0.9624999998690326,0.3875000001775333,14.27880940115381
0.9874999999621648,0.3625000000436557,5.270163846560396
0.3374999994499374,0.9874999998923158,1.1334276395983809
0.3624999998224664,0.9624999996944098,3.5447768473638566
0.3874999999679855,0.9375000001280566,6.125773738275188
0.4124999999214195,0.9125000001484296,8.848325725648271
0.4375000001047736,0.8874999995896359,11.683485518387561
0.462499999537249,0.8624999999214196,14.601116112243883
0.4874999998515703,0.8374999997817211,17.5695652044852
0.5125000004627507,0.8125000004773028,20.55534851018585
0.5375000000087308,0.7875000002357408,23.522842969344993
0.5625000002211888,0.7624999996187397,26.433981716411587
0.5874999996245605,0.7374999999505234,29.247942397303998
0.612499999880674,0.7124999998690327,31.920811008661687
0.6375000004918546,0.6875000008265487,34.405195089463696
0.6625000000960423,0.6625000003230525,36.64975487425073
0.6874999998719429,0.6375000001135049,38.598604012929584
0.7124999997118718,0.6124999999796273,40.19052839391576
0.7374999999097778,0.587499999956344,41.35794973723767
0.7625000005209585,0.5624999997788107,42.0255515641321
0.7875000001833539,0.537500000410364,42.10846624906106
0.8125000004540196,0.5124999996769473,41.50990665658479
0.8374999997991834,0.487500000008731,40.118113693725206
0.8624999999388818,0.4625000000436557,37.802495667878325
0.8875000000844008,0.4375000001280569,34.408876892236385
0.9125000002706654,0.4125000004976754,29.753903912528955
0.9375000005704348,0.3874999997060512,23.618979887655087
0.9624999998864948,0.362500000037835,15.744789833310264
0.9874999999679857,0.3375000001309672,5.828862988521374
0.3125000000116414,0.9875000003521563,1.0806950445405277
0.3374999994673997,0.9624999996769475,3.40727277448457
0.3625000002939485,0.9374999994062818,5.932152423960458
0.3874999999738064,0.9125000001309672,8.628516227248305
0.4124999999388818,0.8875000000494766,11.468688291958824
0.4375000001280567,0.8624999994499377,14.423794250251488
0.4624999995547112,0.8374999997642589,17.463430803068455
0.4875000003230524,0.8124999995226972,20.555348628397365
0.5125000000029102,0.7875000002182787,23.66514821614784
0.5375000000261931,0.7625000000785802,26.75598891479261
0.5625000002444721,0.7374999994790414,29.788300759390307
0.5874999996420228,0.7124999998515704,32.719487398198254
0.6124999998864948,0.6875000003376042,35.503597501633195
0.637500000032014,0.66250000030559,38.09093216764599
0.6625000001135047,0.6375000001076842,40.4275460392243
0.6874999996623953,0.6125000004394678,42.45458657108673
0.7124999997293342,0.5874999999388819,44.10740007618837
0.73750000038126,0.5624999997555277,45.31431455366409
0.762500000061118,0.5375000003929015,45.99499053626308
0.7875000002008165,0.5125000001367879,46.058200975140224
0.8125000004773028,0.4874999995372489,45.39887485504549
0.8374999998166458,0.4625000000261934,43.89420833817207
0.8625000004103639,0.4374999998719431,41.3986275820101
0.8875000000902217,0.4125000004802131,37.73741269987789
0.9125000002881278,0.3875000001658917,32.69892103295675
0.9375000008265486,0.3624999991006915,26.025747728693883
0.9624999999039572,0.3375000001135048,17.406115667450212
0.9874999995081452,0.312500000919681,6.468875707143512
0.2874999998690326,0.9874999998806742,1.0212770927856551
0.3125000000349245,0.962499999193824,3.248777807082569
0.3374999999505233,0.9374999991501682,5.702130297279224
0.362499999834108,0.9125000001135048,8.355964452641583
0.3874999999796272,0.8875000000436558,11.184050994014656
0.4124999999563441,0.8624999999097781,14.158954778902087
0.4375000001513398,0.8374999992811353,17.25169752175336
0.4625000000378348,0.8124999994994142,20.43143411522719
0.4874999998632119,0.7875000002008165,23.66514821798623
0.5125000000087309,0.7625000000727595,26.91736680577916
0.5375000000436556,0.7374999999388818,30.149890110053313
0.5625000005005858,0.7124999989027854,33.321528138650606
0.5875000001251462,0.6874999996158293,36.38782359336605
0.6124999998923156,0.6625000002881278,39.30073621123439
0.6375000000378348,0.6375000001018633,42.00824530065137
0.6625000001309671,0.6124999999679858,44.45381949344514
0.6875000003841703,0.5874999994557583,46.57568406302105
0.7125000002124577,0.5624999994994139,48.3057953623563
0.7374999999214195,0.5375000003754393,49.568410142374184
0.7625000000669387,0.5125000001309671,50.2781046406537
0.7875000002182787,0.4874999999970895,50.33705726683296
0.8125000005005859,0.4624999995430698,49.63136113229676
0.8375000002997695,0.4374999996158294,48.026067026425714
0.8624999999505234,0.4125000004627508,45.358601008144305
0.8875000000960425,0.387500000160071,41.43017509696561
0.9125000003055902,0.3625000000261934,35.994911134743425
0.9375000001513398,0.3375000000960426,28.746853095096867
0.9625000003870808,0.3124999999650753,19.306341506731666
0.9874999999796272,0.2875000005500624,7.210408261996666
0.2624999999563442,0.9874999998748534,0.9555133639686431
0.2874999998864949,0.9624999996420228,3.0701839903257997
0.3125000000582075,0.9374999993597156,5.4369805002551
0.3374999995023243,0.9125000000960428,8.03215112524793
0.3624999998399288,0.887500000037835,10.831088402054199
0.3874999999854479,0.8624999999039573,13.80797546435321
0.4124999999738064,0.8374999997293344,16.935439075938117
0.4374999997089615,0.8124999999417923,20.18421635769013
0.4624999995896358,0.787500000183354,23.522842972538417
0.4874999998690327,0.7625000000669389,26.91736680615959
0.5125000000145516,0.7374999999330611,30.331087814162345
0.5375000000611178,0.7124999998166458,33.724318863374265
0.5625000000582074,0.6875000000582075,37.05415382713253
0.5874999996769472,0.6625000002706655,40.27422031273523
0.6124999998981364,0.6375000000960425,43.3343814363511
0.6375000000436555,0.6124999999621649,46.180338035080375
0.6625000001484292,0.5874999999039574,48.753065707728055
0.6875000004074532,0.5624999999417922,50.98800068491106
0.7124999997642587,0.5375000003579768,52.8138641688992
0.7374999999272402,0.5125000001251464,54.15098128670947
0.7625000000727595,0.4874999999912688,54.9089072439499
0.787500000235741,0.4624999999912689,54.983111538474574
0.812500000523869,0.4375000000582076,54.250386759780824
0.8374999998515704,0.4125000004452885,52.56253783988639
0.8624999999563441,0.3875000001542502,49.737771964301174
0.8875000001018634,0.3625000000203726,45.54909004385676
0.9125000003230525,0.3375000000785803,39.70897682745481
0.9375000006402842,0.3124999997089616,31.85013578440507
0.962499999938882,0.2875000005326001,21.503716293166868
0.987499999985448,0.2625000001833541,8.081324614147034
0.2374999998166458,0.9874999998690328,0.8837853761532748
0.2624999999621649,0.9624999996245605,2.872511157123228
0.2874999999039572,0.9375000000349244,5.1381908838138735
0.3125000003143212,0.9124999991472575,7.658858656857366
0.3374999995197867,0.8875000000320143,10.411701714766583
0.3624999998457496,0.8624999998981366,13.37270140130989
0.3874999999912686,0.837499999711872,16.516273570125122
0.41250000045693,0.8124999994528479,19.8149224244454
0.437500000197906,0.7874999997002304,23.23891546000754
0.4624999996070982,0.762500000061118,26.755988913556838
0.4874999998748534,0.7374999999272404,30.3310878145764
0.5125000000203725,0.7124999997991835,33.926140555135305
0.5375000005442414,0.6874999995692632,37.49986088941756
0.5625000005471517,0.6624999993218806,41.00755926785232
0.5874999996944095,0.6375000000902217,44.400934715257605
0.612499999903957,0.6124999999563443,47.62780468585793
0.637500000049476,0.587499999886495,50.631710985788374
0.662500000631553,0.5624999996856785,53.35132468395945
0.6875000004307364,0.5374999998748534,55.719543948438016
0.712499999781721,0.5125000001193256,57.662149666741755
0.7374999999330611,0.487499999985448,59.09583886335809
0.7625000000785803,0.4624999999738065,59.925394606881824
0.7875000007188646,0.4374999995692632,60.039658557418704
0.8125000007799825,0.4124999994965036,59.30583977730278
0.8374999998690326,0.3875000001484295,57.56150108895714
0.8624999999621649,0.3625000000145519,54.60330297630417
0.8875000001076842,0.337500000061118,50.171272671295895
0.9125000003405148,0.3125000003841705,43.92711542938296
0.9374999999650752,0.287500000980799,35.42533801601747
0.9624999999563442,0.2625000001775333,24.07799334041312
0.9874999999912688,0.2375000000436557,9.121174566730097
0.2124999994499375,0.987499999863212,0.8065153710064414
0.2374999998224666,0.9624999996070984,2.6569047065295033
0.262500000433647,0.937500000244472,4.8074630029892695
0.2874999999214195,0.912500000061118,7.238171329180544
0.3124999994062817,0.8875000004918547,9.928181603844871
0.337499999537249,0.8624999998923158,12.855450991156294
0.3624999998515703,0.8374999996944098,15.99637056150982
0.3875000004627507,0.8124999994295647,19.325402601797613
0.412500000008731,0.7875000001484294,22.81473718884837
0.437500000221189,0.7624999995896359,26.43398172733147
0.4624999996245604,0.7374999999214197,30.149890108880157
0.4874999998806741,0.7124999997817215,33.92614055731478
0.5125000004918546,0.6875000004773028,37.72315654372424
0.5375000000960423,0.662500000235741,41.49796403863976
0.5624999998719428,0.6375000000844011,45.204059331930715
0.587499999711872,0.6124999999505234,48.79125452182468
0.6124999999097778,0.5874999998690327,52.20544560425534
0.6375000005209583,0.5624999994295647,55.38823215522467
0.6625000001833539,0.5375000003230525,58.276292445741156
0.6875000004540196,0.5124999996478435,60.80039104951403
0.7124999997991834,0.4874999999796272,62.88385040642016
0.7374999999388819,0.4624999999563442,64.44026939054767
0.7625000000844011,0.4375000002444722,65.37017573282932
0.7875000002706655,0.4125000004103639,65.55617320349678
0.8124999998719429,0.38750000060827,64.85593478874695
0.837499999886495,0.3625000000087311,63.09207790120478
0.8624999999679858,0.3375000000436557,60.03748362644471
0.8875000001135048,0.3125000001280569,55.39395529630519
0.912500000357977,0.2875000004976754,48.761320036963525
0.937500000919681,0.2624999992403899,39.59366883666241
0.9624999999738066,0.237500000037835,27.14135732220149
0.9874999999970896,0.2125000001309673,10.388053898800841
0.1874999993131495,0.98749999939173,0.7241649002688563
0.2124999994673998,0.962499999589636,2.4246328355229827
0.2375000002939486,0.9374999992898668,4.446709238037647
0.2624999999738064,0.9125000000436556,6.772475287347872
0.2874999999388818,0.8875000000203727,9.383210344256522
0.3125000003608873,0.8624999989551724,12.259021397379698
0.3374999995547113,0.8374999996769475,15.37846008920156
0.3625000003230524,0.8124999991734512,18.718142120472944
0.3875000000029102,0.7875000001309672,22.252380101609013
0.4125000000261933,0.7625000000494764,25.95285013467425
0.437500000244472,0.7374999994499377,29.788300772222158
0.4624999996420227,0.712499999764259,33.72431886747552
0.4875000003521562,0.6874999995226972,37.72315669660862
0.5125000000320141,0.6625000002182787,41.743615376214414
0.5375000001135047,0.6375000000785804,45.74097389273459
0.5624999996623953,0.612500000410364,49.66693167262132
0.5874999997293342,0.5874999998515703,53.46952427512038
0.6124999999155986,0.5625000003376042,57.09294488593891
0.6375000000611178,0.53750000030559,60.47719045650912
0.6625000002008163,0.5125000001076842,63.557415803236935
0.6875000007101334,0.4874999990424838,66.26285269183668
0.7124999998166458,0.4624999999388819,68.51509486697344
0.7374999999447028,0.4375000004540197,70.22548134504932
0.7625000000902219,0.4125000003929016,71.2911861141214
0.7875000002881278,0.3875000001367879,71.5894384242533
0.8125000008265487,0.3624999990715877,70.96898718925381
0.8374999999039575,0.3375000000261934,69.23741630409357
0.8625000004394678,0.3124999998719431,66.14210086719055
0.8875000001193257,0.2875000004802131,61.34129592637672
0.9125000003754394,0.2625000001658918,54.3599493290291
0.9375000000116414,0.2375000004976755,44.52268641853466
0.9624999999912688,0.212500000113505,30.856642993990544
0.9874999995372492,0.1875000009196811,11.970909129516478
0.1624999998690326,0.9874999998515704,0.6372326891295651
0.1874999995692632,0.9624999995721736,2.177082114621654
0.2124999999505234,0.9374999990337528,4.058047961831516
0.2374999998341081,0.9125000000261936,6.26445437679113
0.2624999999796272,0.8875000000145518,8.779861184980042
0.2874999999563441,0.8624999998806742,11.586692012720986
0.3124999994528479,0.8375000001251464,14.665841275081403
0.3374999995721735,0.8125000000814908,17.99627357044714
0.3624999998632118,0.7875000001135048,21.5546316099562
0.387500000008731,0.7625000000436557,25.3148714619112
0.4125000000436556,0.7374999999097782,29.247942394465156
0.4375000005005858,0.7124999988154741,33.32152817146083
0.4625000001251463,0.687499999499414,37.49986090922941
0.4874999998923157,0.6625000002008165,41.74361537873385
0.5125000000378349,0.6375000000727595,46.009874475381174
0.5375000001309671,0.6124999999388819,50.252149796730556
0.5625000003841703,0.5874999993684467,54.42042230522179
0.5875000002124577,0.5624999996158293,58.46114763786927
0.6124999999214193,0.5375000002881278,62.317153278920834
0.6375000000669386,0.5125000001018633,65.92732662052683
0.6625000002182787,0.4874999999679857,69.22596525647174
0.6874999998020938,0.4625000003870809,72.14162207045807
0.7125000002997695,0.437499999499414,74.59521507463081
0.7374999999505235,0.4125000003754393,76.49707797526459
0.7625000000960426,0.3875000001309671,77.74247646684522
0.78750000030559,0.3624999999970895,78.204841829892
0.8124999999185093,0.3375000004743924,77.72553651187448
0.837500000387081,0.31249999984866,76.0981771537544
0.8624999999796273,0.2875000004627509,73.04418513846963
0.8875000001251465,0.262500000160071,68.17385079762242
0.9125000003929016,0.2375000000261934,60.92313047193299
0.937500000966247,0.21249999916472,50.45013292099619
0.9625000004743924,0.1874999999650754,35.4691452753573
0.9875000000087312,0.1625000005500625,14.013086229205586
0.1374999999563442,0.9874999998457497,0.5462523425290812
0.1624999998864949,0.9624999995547112,1.9157515097500573
0.1874999993597156,0.9375000004074536,3.643796678712107
0.2124999995023244,0.9125000000087312,5.717084493474188
0.2374999998399288,0.8875000000087311,8.121595721053374
0.2624999999854479,0.8624999998748534,10.8422270548728
0.2874999999738064,0.8374999996420228,13.862389839631714
0.3124999999417922,0.8124999993597157,17.163591039729376
0.3374999995896358,0.7875000000960427,20.72501353924056
0.3624999998690326,0.762500000037835,24.52311651116578
0.3875000000145518,0.7374999999039573,28.531275690926343
0.4125000000611179,0.7124999997293344,32.71948740731393
0.4375000000582074,0.6874999997089617,37.05415388335888
0.4624999996769473,0.6625000001833542,41.49796404392241
0.4874999998981365,0.6375000000669389,46.00987447606034
0.5125000000436557,0.6124999999330611,50.5451810621005
0.5375000001484294,0.5874999998166458,55.055658633706244
0.5624999999417921,0.5625000000582075,59.48972396333316
0.5874999997642587,0.5375000002706655,63.792558952934996
0.6124999999272402,0.5125000000960425,67.90610662885153
0.6375000000727595,0.4874999999621649,71.76882795388664
0.6625000002357408,0.4624999999039574,75.31507568860943
0.6875000005238688,0.4374999999417923,78.4738960171856
0.7124999998515704,0.412500000357977,81.16700013441137
0.7374999999563441,0.3875000001251464,83.30553086714495
0.7625000001018634,0.3624999999912688,84.78505039821137
0.7875000003230525,0.3374999999912689,85.47782261815544
0.8125000004074536,0.3124999995925463,85.22083254324798
0.837499999938882,0.2875000004452886,83.7968287277312
0.8624999999854481,0.2625000001542502,80.90350886980278
0.8875000001309673,0.2375000000203727,76.10179047897755
0.912500000410364,0.2125000000785804,68.72600096252035
0.9375000005238688,0.1875000004074536,57.72338931576424
0.9625000000261934,0.1625000005326001,41.36525857475635
0.987500000014552,0.1375000001833541,16.761237954817677
0.1124999998166458,0.9874999998399288,0.4517889545421146
0.137499999962165,0.9624999995372489,1.6422447322509781
0.1625000003696186,0.9374999992200173,3.206462450878202
0.1875000000814906,0.9124999995256076,5.1336239938613835
0.2124999995197867,0.8875000000029105,7.412256707840808
0.2374999998457496,0.8624999998690328,10.029872378741157
0.2624999999912687,0.8374999996245605,12.972561990397796
0.28750000045693,0.8124999993364325,16.224561010311888
0.3124999994994139,0.7875000005442417,19.767801790716643
0.3374999996070981,0.7625000000320142,23.581476051020925
0.3624999998748534,0.7374999998981366,27.641628311698764
0.3875000000203725,0.712499999711872,31.920811027009556
0.4125000000785802,0.6875000001513398,36.387823518853075
0.4375000003143212,0.6624999997002305,41.00755922733709
0.4624999996944096,0.637500000061118,45.740973892691784
0.4874999999039573,0.6124999999272404,50.545181062882456
0.5125000000494763,0.5874999997991835,55.373658578415494
0.537500000631553,0.5624999995692632,60.17653790012974
0.5625000004307364,0.5374999997875419,64.90092167001798
0.587499999781721,0.5125000000902217,69.49115591903174
0.6124999999330611,0.4874999999563441,73.88895797148335
0.6375000000785803,0.462499999886495,78.03327742351446
0.6625000007188646,0.437499999452848,81.8597355061183
0.6875000005471518,0.4124999998748534,85.29944006916318
0.7124999998690325,0.3875000001193256,88.27689874722546
0.7374999999621649,0.362499999985448,90.70661269961349
0.7625000001076842,0.3374999999738065,92.48769448110318
0.7875000003405148,0.3125000005005859,93.49539964601448
0.8124999999650754,0.2875000008934876,93.5676237628922
0.8374999999563443,0.2625000001484295,92.48278105153229
0.8624999999912689,0.2375000000145519,89.92220059229572
0.8875000001367879,0.2125000000611181,85.4032544248318
0.9125000008934874,0.1874999999185093,78.15418938418412
0.9375000010128132,0.1624999995838152,66.86700103967205
0.9625000000436555,0.1375000001775334,49.18778674717512
0.9875000000203727,0.1125000000436558,20.678216422768596
0.0874999994499375,0.9874999998341084,0.35443553991017124
0.1124999998224666,0.9624999995197868,1.3582608463987103
0.137500000433647,0.9375000003608874,2.748728268961908
0.1624999999214195,0.9124999999738066,4.517600025411203
0.1875000001047737,0.8874999995314283,6.656056649696648
0.212499999537249,0.8624999998632121,9.154349014334704
0.2374999998515704,0.8374999996070983,12.00139495423053
0.2625000004627508,0.8125000002444722,15.18433206015601
0.2875000000087309,0.787500000061118,18.6880453099795
0.312500000221189,0.762499999560532,22.49468919652551
0.3374999996245604,0.7374999998923158,26.583231167249174
0.3624999998806742,0.7124999996944099,30.929047010919735
0.3875000004918546,0.6874999994295647,35.50359765054082
0.4125000000960425,0.6625000001484294,40.2742203245522
0.437500000570435,0.6374999991239745,45.204059509975195
0.462499999711872,0.6124999999214196,50.25214979721896
0.4874999999097781,0.5874999997817214,55.373658581637045
0.5125000005209585,0.5625000004773028,60.52026176632781
0.5375000001833539,0.5375000002357408,65.64062068361245
0.5625000004540194,0.5124999996187397,70.68089062231036
0.5874999997991834,0.4874999999505234,75.58517998013991
0.6124999999388818,0.4624999998690326,80.29585175260424
0.6375000000844011,0.4374999998952262,84.75353620329093
0.6625000002706655,0.4125000003230524,88.89669986110357
0.6875000005704349,0.3874999996478436,92.66056790208766
0.7124999998864949,0.3624999999796273,95.9751167829794
0.7374999999679857,0.3374999999563442,98.76171356946666
0.7625000005791662,0.3125000009429641,100.92769127216913
0.7875000003579771,0.287500000410364,102.35763069289781
0.8125000009196812,0.2624999992112861,102.89906201934981
0.8374999999738066,0.2375000000087311,102.33818812863073
0.8624999999970895,0.2125000000436558,100.35659941527068
0.88750000060827,0.1874999998952262,96.44932383491138
0.9125000004452885,0.1625000004976755,89.75807744853094
0.9375000001047736,0.1375000006373739,78.7020274117107
0.962500000061118,0.112500000037835,60.08085717628108
0.9875000000261934,0.0875000001309673,26.744054211538767
0.0625000000116415,0.9875000002939488,0.2548087701341594
0.0874999994673998,0.9624999995023246,1.0655831387693357
0.1124999998282873,0.9374999998719432,2.2734384846988247
0.1374999999738065,0.9124999999563442,3.87279128701478
0.1624999999388818,0.8874999999912689,5.857560790780884
0.1875000003608874,0.8624999989260685,8.220840324347249
0.2124999995547113,0.837499999589636,10.954500736229493
0.2375000003230525,0.8124999992898666,14.048738561020162
0.2625000000029102,0.7875000000436557,17.49158078296995
0.2875000000261933,0.7625000000203727,21.268370813397095
0.3125000004773027,0.7374999989551723,25.361258188948057
0.3374999996420228,0.7124999996769475,29.748726193647222
0.3625000003521562,0.6874999991734512,34.40519536666092
0.387500000032014,0.6625000001309672,39.30073623251801
0.4125000001135048,0.6375000000494764,44.40093471500473
0.4374999998952261,0.6124999999155988,49.666931750806654
0.4624999997293343,0.587499999764259,55.05565864176413
0.4875000003812601,0.5624999992898664,60.520262024941864
0.512500000061118,0.5375000002182787,66.01069327334129
0.5375000002008162,0.5125000000785803,71.474414365929
0.5625000004773026,0.4874999994790412,76.85714113619122
0.5874999998166456,0.4624999998515703,82.10353411078893
0.612500000410364,0.4374999996391124,87.1577232548811
0.6375000000902219,0.4125000003055902,91.96353739316895
0.6625000002881278,0.387500000107684,96.46429638522193
0.6875000005937179,0.3624999995081452,100.60198129597757
0.7124999999039572,0.3374999999388819,104.31553735508776
0.7374999999738066,0.3125000004540197,107.53792121499342
0.7625000001193257,0.2875000003929016,110.19123035831569
0.7875000003754394,0.2625000001367879,112.17870358229045
0.8125000000116414,0.2375000004685716,113.37125640052474
0.8374999999912687,0.2125000000261935,113.58376931651816
0.8625000004685717,0.1874999998719432,112.53068939724693
0.8875000001484294,0.1625000004802132,109.736206967976
0.9125000004627508,0.1375000001658918,104.33396573279744
0.9375000008265488,0.1124999995663529,94.56135563580328
0.9625000000785802,0.087500000113505,76.25842329088529
0.9874999995663528,0.0625000006868503,37.444305799663844
0.0374999998690327,0.9874999998224666,0.15354429377872184
0.0625000000349245,0.9624999990192008,0.7660663864607647
0.0874999999505234,0.9374999991501682,1.7835793891424245
0.1124999998341081,0.912499999938882,3.2032056516741303
0.1374999999796272,0.887499999985448,5.021665131978725
0.1624999999563441,0.8624999998515704,7.23497192500404
0.1874999994528479,0.8375000000378349,9.838052874650877
0.2125000000378349,0.8124999992665835,12.824296328658276
0.2374999998632119,0.7875000000261932,16.185042541525213
0.262500000008731,0.7625000000145518,19.909036544508044
0.2875000000436556,0.7374999998806742,23.981865527142094
0.3124999995692632,0.7125000001251464,28.38541640799402
0.337499999659485,0.6875000000814908,33.097392305003865
0.3624999998923156,0.6625000001135048,38.090932192810904
0.3875000000378348,0.6375000000436557,43.33438144200142
0.4125000001309671,0.6124999999097781,48.79125452279519
0.4374999996856786,0.5875000002124579,54.42042214177192
0.4624999997467965,0.562500000197906,60.17653777495684
0.4874999999214195,0.5375000002008165,66.0106932771732
0.5125000000669387,0.5125000000727595,71.8712697095927
0.5375000002182786,0.4874999999388819,77.70491937583182
0.5625000005005858,0.4624999993684467,83.45759448663433
0.5875000002997693,0.4374999993829987,89.07551989898403
0.6124999999505235,0.4125000002881278,94.50600203693826
0.6375000000960426,0.3875000001018633,99.69796152501
0.66250000030559,0.3624999999679857,104.60207442550646
0.6875000008498316,0.3374999989900969,109.17040286953714
0.712500000387081,0.3124999997322447,113.35534829299392
0.7374999999796272,0.2875000003754393,117.1076821608051
0.7625000001251465,0.2625000001309671,120.37319858358336
0.7875000003929016,0.2374999999970896,123.0871287722332
0.812500000966247,0.2124999990774085,125.16455537906327
0.8375000004743925,0.1874999998486601,126.48301217412501
0.8625000000087312,0.162500000462751,126.84838716059171
0.8875000001542502,0.1375000001600711,125.92120069189339
0.9125000004802132,0.1125000000261934,123.03563041682622
0.9375000008498318,0.0874999996303813,116.67071731036157
0.9625000000960426,0.0625000004307366,102.44513220770962
0.987500000037835,0.0375000005500623,61.296151861966834
0.0124999999563442,0.9874999998166458,0.05129155208256937
0.037499999886495,0.9624999994673998,0.46162254820265936
0.0624999995925463,0.9374999995925464,1.2822580098004135
0.0874999995023244,0.9124999999214198,2.5130540162434443
0.1124999998399289,0.8874999999796273,4.1535676752805335
0.137499999985448,0.8624999998457497,6.202785586188599
0.1624999999738065,0.8374999995547114,8.65876479074209
0.1874999999417922,0.8124999990104697,11.518190979115966
0.2124999995896359,0.7875000000087312,14.775862982627313
0.2374999998690327,0.762500000008731,18.424119603714146
0.2625000000145518,0.7374999998748536,22.452229562370288
0.2875000000611179,0.7124999996420228,26.845778740989818
0.3124999998253769,0.687499999825377,31.586094111467904
0.3374999996769473,0.6625000000960427,36.64975489337792
0.3624999998981365,0.637500000037835,42.008245307275374
0.3875000000436556,0.6124999999039573,47.627804692406656
0.4125000001484295,0.5874999997293344,53.46952429332197
0.4375000001746228,0.562499999476131,59.4897240892346
0.4624999997642588,0.5375000001833542,65.64062069427729
0.4874999999272403,0.5125000000669389,71.87126971095616
0.5125000000727595,0.4874999999330612,78.12873028894833
0.5375000002357408,0.4624999998166458,84.35937930314313
0.5625000005238688,0.4374999998253769,90.51027605235491
0.5874999998515704,0.4125000002706655,96.53047569261838
0.6124999999563441,0.3875000000960425,102.3721952998314
0.6375000001018633,0.3624999999621649,107.99175468108596
0.6625000003230525,0.3374999999039573,113.35024505753864
0.6875000004074537,0.3125000001746229,118.41390575681126
0.7124999999388819,0.2875000003579771,123.15422117287929
0.7374999999854481,0.2625000001251464,127.54777040095617
0.7625000001309673,0.2374999999912688,131.57588035006512
0.7875000004103639,0.2124999999912689,135.2241368438015
0.8125000007566995,0.187499999825377,138.48180884876848
0.8375000000261935,0.1625000004452887,141.34123493583664
0.8625000000145518,0.1375000001542503,143.79721429737066
0.887500000160071,0.1125000000203727,145.84643217201773
0.9125000004976755,0.0875000000785803,147.4869453555577
0.9375000008731148,0.0625000001746229,148.7177404041018
0.962500000113505,0.0375000005326,149.5383758068016
0.9875000000436556,0.0125000001833541,149.9440433677258
0.012499999962165,0.9624999994499376,0.15420549225592278
0.0375000003696186,0.9374999988707712,0.7726783067290391
0.0625000000814907,0.912499999438296,1.8067198682810113
0.0874999995197867,0.8874999999738065,3.258734379126683
0.1124999998457496,0.8624999998399289,5.130703691451945
0.1374999999912688,0.8374999995372491,7.423858220339739
0.1624999999912688,0.8124999996856785,10.138254261900267
0.187499999499414,0.78750000045693,13.272262436182578
0.2124999996070982,0.7625000000029104,16.821978548544976
0.2374999998748534,0.7374999998690328,20.780574486974007
0.2625000000203726,0.7124999996245606,25.137619743918023
0.2875000005442415,0.6874999993364325,29.878412053597867
0.3125000003143212,0.662499999612919,34.983369431226485
0.3374999996944097,0.6375000000320142,40.42754603791515
0.3624999999039572,0.6124999998981365,46.180338042785074
0.3875000000494764,0.587499999711872,52.205445631665114
0.412500000631553,0.562499999452848,58.46114771196193
0.4374999997322446,0.5375000006315531,64.90092148728715
0.4624999997817211,0.512500000061118,71.47441436972348
0.4874999999330611,0.4874999999272404,78.12873029050287
0.5125000000785803,0.4624999997991835,84.80997297612514
0.5375000007188646,0.4374999993364325,91.46494637690735
0.5625000005471518,0.4124999997875419,98.04291053516654
0.5874999998690325,0.3875000000902217,104.497297784502
0.6124999999621649,0.3624999999563441,110.7873189712118
0.6375000001076842,0.337499999886495,116.87944728855554
0.6625000008061762,0.3124999994528479,122.74883573097884
0.6875000006635674,0.2874999998748534,128.38082326714454
0.7124999999563442,0.2625000001193256,133.77283243948312
0.7374999999912689,0.2374999999854481,138.9371903029349
0.7625000001367879,0.2124999999738066,143.9058499297623
0.7875000008934874,0.187499999802094,148.73888566972263
0.8125000000814907,0.1625000008934876,153.54067990996487
0.8375000000436557,0.1375000001484295,158.49278229742083
0.8625000000203726,0.1125000000145519,163.92643022260015
0.8875000001658919,0.087500000061118,170.50242882276652
0.912500000980799,0.0624999999185092,179.73898178338723
0.937500000896398,0.0375000000494764,196.01612103199471
0.9625000001309671,0.0125000001775333,238.39712561258887
0.0124999999679857,0.9374999997788108,0.258114789308058
0.0374999999214196,0.9124999998864952,1.0887250070911678
0.0625000001047737,0.8874999995023245,2.3428593218617575
0.087499999537249,0.862499999834108,4.025487201094907
0.1124999998515704,0.8374999995197869,6.141022601963892
0.1374999999970895,0.8124999996623955,8.692929558285957
0.162500000008731,0.7874999999738064,11.683226125925385
0.187500000221189,0.7624999995314282,15.111891596578353
0.2124999996245605,0.737499999863212,18.976190276612183
0.2374999998806742,0.7124999996070983,23.2699369144525
0.2625000004918546,0.6875000002444722,27.98273784903917
0.2875000000960424,0.6625000000611179,33.09926191999909
0.312500000570435,0.6374999990948708,38.598604199494595
0.337499999711872,0.6124999998923158,44.45381949431396
0.3624999999097779,0.5874999996944096,50.63171101831353
0.3875000005209585,0.5624999994295649,57.09294509625001
0.412500000183354,0.5375000001484295,63.79255897716973
0.4375000004540197,0.5124999995896359,70.68089066528574
0.4624999997991835,0.4874999999214196,77.70491938077272
0.4874999999388819,0.4624999997817212,84.80997298110348
0.5125000000844011,0.4374999997788108,91.94170662037205
0.5375000002706655,0.4125000002357409,99.04824825824372
0.5625000005704349,0.3874999996187397,106.0824002213921
0.5874999998864949,0.3624999999505234,113.0038168441014
0.6124999999679857,0.3374999998690327,119.78114784295774
0.6375000001135049,0.3124999998952262,126.39421953879194
0.6625000003579771,0.2875000003230524,132.83647440234301
0.687500000919681,0.2624999991821822,139.1180829284625
0.7124999999738066,0.2374999999796273,145.27046177217252
0.7374999999970895,0.2124999999563443,151.35352517399306
0.76250000060827,0.1874999997788109,157.46811328483176
0.7875000004452885,0.162500000410364,163.7785033992201
0.8125000008032656,0.1374999996769474,170.55554048867748
0.837500000061118,0.1125000000087311,178.265209220584
0.8625000000261934,0.0875000000436558,187.7677551585962
0.8875000006373738,0.0624999996623955,200.8223458576998
0.9125000005326,0.0375000004976754,221.58726699041938
0.937500000919681,0.0124999997060512,262.0423702452721
0.0124999999738065,0.9124999998690329,0.3636925913943737
0.0374999999388819,0.8874999999621651,1.4118196232362934
0.0625000003608875,0.8624999988969647,2.894185829517087
0.0874999995547113,0.8374999995023245,4.81836383929578
0.1124999998573912,0.8124999996391125,7.191224203342142
0.1375000000029103,0.7874999999563442,10.018465891058995
0.1625000000261933,0.7624999999912689,13.304034550814132
0.1875000004773027,0.7374999989260685,17.049434255324968
0.2124999996420228,0.712499999589636,21.2529495006985
0.2375000003521563,0.6874999992898666,25.908810341062246
0.2625000000320141,0.6625000000436557,31.006342907321233
0.2875000001135048,0.6375000000203725,36.52917689790597
0.3124999996623955,0.6125000003521563,42.45458652739035
0.3374999997293343,0.5874999996769474,48.7530657381623
0.36250000038126,0.5624999994062818,55.38823222735013
0.3875000000611179,0.5375000001309673,62.317153311720645
0.4125000002008164,0.5125000000494766,69.4911559276646
0.4375000007101335,0.4874999989842762,76.85714131286761
0.4624999998166458,0.4624999997642589,84.35937931896723
0.487500000410364,0.4374999992898664,91.9417067691455
0.5125000000902219,0.4125000002182787,99.55000550788472
0.5375000002881278,0.3875000000785802,107.13484512816088
0.5625000005937179,0.3624999994790413,114.6541725436001
0.5874999999039572,0.3374999998515704,122.07601402408059
0.6125000004394678,0.3124999996391124,129.3812480491709
0.6375000001193257,0.2875000003055902,136.56665923571
0.6625000003754394,0.2625000001076841,143.64871226129847
0.6875000000116415,0.2375000004394678,150.66880864866556
0.7124999999912687,0.212499999938882,157.7013742608916
0.7375000004685716,0.1874999997555278,164.86717174650644
0.7625000001484294,0.1625000003929017,172.356382111659
0.7875000004627509,0.137500000136788,180.47058539454522
0.8125000008265487,0.1124999995372491,189.70339502042296
0.8375000000785803,0.0875000000261935,200.90595797748927
0.8625000000320142,0.0625000003376044,215.65505764118623
0.8875000001775333,0.0375000004802131,237.14906141705967
0.9125000005500624,0.0125000001658918,272.53802571286394
0.0124999999796273,0.8874999999563443,0.4716266292826661
0.0374999999563442,0.8624999998224666,1.7440812392245648
0.0624999994528479,0.8374999999505234,3.4643438356653777
0.0874999995721736,0.8124999996158295,5.6426497158752325
0.1124999998632119,0.7874999999388819,8.288367228863319
0.1375000000087311,0.7624999999854482,11.409441755510425
0.1625000000436556,0.7374999998515704,15.01171248513447
0.1874999995692632,0.7125000000378349,19.098111042061447
0.2125000001251464,0.6874999990337529,23.667764461396125
0.2374999998923157,0.6625000000261932,28.71504015796719
0.2625000000378349,0.6375000000145518,34.228598104871644
0.2875000001309671,0.6124999998806742,40.19052839385097
0.3125000003841704,0.5874999991938239,46.575684179111576
0.3375000002124578,0.5624999993829987,53.35132481586558
0.3624999999214195,0.5375000001135048,60.47719049554765
0.3875000000669387,0.5125000000436558,67.90610664055035
0.4125000002182787,0.4874999999097781,75.58517999144651
0.4374999998020939,0.462500000212458,83.45759426997708
0.4624999998341081,0.437500000197906,91.46494613980107
0.4874999999505234,0.4125000002008165,99.55000551378
0.5125000000960426,0.3875000000727595,107.65975432336798
0.53750000030559,0.3624999999388818,115.74855817570472
0.5625000006170011,0.3374999993684468,123.78138090434192
0.587500000387081,0.3124999993829987,131.73705255068407
0.6124999999796272,0.2875000002881278,139.6117617731793
0.6375000001251465,0.2625000001018633,147.42316084389682
0.6625000003929016,0.2374999999679858,155.21578920687656
0.6875000007334165,0.2124999994557584,163.06903399100423
0.7125000004743924,0.1874999994994141,171.10970409332057
0.7375000000087311,0.1625000003754394,179.53294425223916
0.7625000001542503,0.1375000001309672,188.63848514413237
0.7875000004802131,0.1124999999970896,198.89612134986396
0.8125000008498316,0.0874999995430698,211.06953636937075
0.8375000000960428,0.0625000003143213,226.46219150568663
0.8625000000378348,0.0375000004627508,247.42588655022942
0.8875000001833541,0.012500000160071,278.3982412326515
0.012499999985448,0.8624999998166458,0.5826255318287153
0.0374999999738065,0.8374999994673998,2.0877113966069847
0.0625000001746229,0.8124999993597157,4.057149689200563
0.0874999995896359,0.7874999999214196,6.503919586692011
0.1124999998690327,0.7624999999796273,9.439946156114097
0.1375000000145518,0.7374999998457497,12.875440880466883
0.162500000061118,0.7124999995547113,16.81809849336434
0.1875000005238689,0.6874999990104697,21.272160684779404
0.2124999996769474,0.6625000000087312,26.237375544751956
0.2374999998981365,0.637500000008731,31.707906998207
0.2625000000436557,0.6124999998748534,37.671269334652685
0.2875000001484294,0.5874999996420229,44.10740011155196
0.3124999999417922,0.562499999825377,50.98800074144058
0.3374999997642588,0.5375000000960427,58.276292487046
0.3624999999272403,0.512500000037835,65.92732663446692
0.3875000000727595,0.4874999999039573,73.88895798489814
0.412500000235741,0.4624999997293344,82.10353414705723
0.4375000002910383,0.4374999992433004,90.51027626097277
0.4624999998515704,0.4125000001833542,99.04824827833517
0.4874999999563442,0.3875000000669388,107.65975432586585
0.5125000001018633,0.3624999999330611,116.29397093349469
0.5375000003230525,0.3374999998166458,124.91066775824837
0.562500000640284,0.3124999995925463,133.48394949503196
0.5874999999388819,0.2875000002706655,142.0061122794327
0.6124999999854481,0.2625000000960426,150.49192407506504
0.6375000001309671,0.237499999962165,158.9839260488148
0.6625000004103639,0.2124999999039574,167.55978812757226
0.6875000009895302,0.1874999994761311,176.3434160214082
0.7125000000261935,0.1625000003579772,185.52268267072475
0.7375000000145518,0.1375000001251465,195.3788230848616
0.7625000001600711,0.1124999999912688,206.3366675098286
0.7875000004976754,0.0874999999912688,219.0529944704532
0.8125000008731149,0.0625000000582076,234.5756634232636
0.837500000113505,0.0375000004452886,254.63127782654018
0.8625000000436556,0.0125000001542503,282.10996798960315
0.0124999999912688,0.8374999994499374,0.6974256353557258
0.0375000004569301,0.8124999991036019,2.445016392619943
0.062500000197906,0.787499999438296,4.676631656476802
0.0874999996070982,0.7624999999738065,7.40810020315275
0.1124999998748535,0.7374999998399289,10.653979359162998
0.1375000000203726,0.7124999995372491,14.426773053946075
0.1625000005442416,0.6874999992200173,18.73598418249149
0.18749999984866,0.6624999999912689,23.587015525430623
0.2124999996944097,0.6375000000029104,28.979960168601153
0.2374999999039573,0.6124999998690328,34.90834712260153
0.2625000000494764,0.5874999996245606,41.357949783190996
0.287500000631553,0.5624999993364326,48.305795486537725
0.3125000004307365,0.537499999612919,55.719544093948045
0.3374999997817211,0.5125000000320142,63.55741581800076
0.3624999999330611,0.4874999998981366,71.76882796991825
0.3875000000785803,0.4624999997118721,80.29585179569939
0.4125000002532033,0.4374999999185093,89.07551978163816
0.43749999984866,0.4125000006315531,98.04291029237355
0.4624999998690326,0.3875000000611181,107.13484513894457
0.4874999999621649,0.3624999999272404,116.29397093626534
0.5125000001076842,0.3374999997991836,125.47300354185735
0.5375000003405147,0.3125000000349245,134.63897303549143
0.5625000006635672,0.2874999997875419,143.77746176466334
0.5874999999563442,0.2625000000902218,152.89702979830622
0.6124999999912689,0.2374999999563442,162.03430491358537
0.6375000001367879,0.212499999886495,171.26056629481346
0.6625000008934876,0.1874999996856786,180.6911742753455
0.6875000000814908,0.1625000008061761,190.49999688893604
0.7125000000436555,0.1375000001193257,200.94234962418335
0.7375000000203726,0.1124999999854481,212.3923085454847
0.7625000001658919,0.0874999999738065,225.4043146382116
0.787500000980799,0.0624999995692632,240.8151872081763
0.812500000896398,0.0374999999621649,259.9087557277781
0.8375000001309671,0.0125000001484295,284.65219571619406
0.0125000004627509,0.8124999990803188,0.81679851884801
0.0375000000087311,0.7874999998864951,2.8184321153302485
0.0625000002211891,0.7624999995023245,5.3270769697447875
0.0874999996245605,0.7374999998341081,8.361542567595414
0.1124999998806742,0.7124999995197869,11.939111806045819
0.1375000004918547,0.6875000003608874,16.074611012385216
0.1625000000960425,0.6624999999738064,20.779287208692512
0.1874999996391124,0.6375000004627509,26.05951262381811
0.212499999711872,0.612499999863212,31.91537000464856
0.237499999909778,0.5874999996070983,38.339209137899246
0.2625000005209585,0.5625000002444722,45.31431458687337
0.287500000183354,0.537500000061118,52.813864217938104
0.3125000004540197,0.512499999560532,60.800391175010546
0.3374999997991835,0.4874999998923158,69.22596527617188
0.3624999999388819,0.4624999996944098,78.0332774750945
0.3875000000844011,0.4375000001280568,87.15772315878064
0.4125000002706655,0.4125000001484294,96.53047573893939
0.437500000570435,0.3874999995896359,106.08240029119045
0.462499999886495,0.3624999999214196,115.74855818820329
0.4874999999679858,0.3374999997817212,125.4730035493132
0.5125000001135049,0.3124999997788109,135.21359987305775
0.537500000357977,0.2875000002357409,144.9467220191295
0.5625000009196811,0.2624999991530784,154.6719036274934
0.5874999999738066,0.2374999999505234,164.41675456078892
0.6124999999970895,0.2124999998690328,174.2428113919318
0.63750000060827,0.1875000005937182,184.25335766972228
0.6625000004452885,0.1625000003230525,194.6048362090102
0.6875000008032656,0.1374999996478436,205.52426679551118
0.712500000061118,0.1124999999796273,217.33638175614203
0.7375000000261934,0.0874999999563442,230.5060325562868
0.7625000001717126,0.0625000004773028,245.70352691840665
0.7875000005326,0.037500000410364,263.9002916054793
0.8125000009196811,0.0124999996769474,286.4881721190662
0.0125000000029103,0.7874999998690329,0.941559273110521
0.0375000000261934,0.7624999999621651,3.210552934544344
0.0625000002444721,0.737499999362626,6.013085255605196
0.0874999996420228,0.7124999995023245,9.371106528139515
0.112499999886495,0.6874999998719432,13.304736145988539
0.1375000000320141,0.6624999999563441,17.831152936613755
0.1625000001135049,0.6374999999912688,22.96325808861195
0.1875000005937181,0.6124999989260685,28.708140132370083
0.2124999997293343,0.587499999589636,35.06541256060364
0.2375000003812601,0.5624999992898664,42.02555176278613
0.262500000061118,0.5375000000436558,49.568410198557125
0.2875000002008163,0.5125000000203727,57.66214968432458
0.3125000004773028,0.4874999994208337,66.26285275676877
0.3374999998166458,0.4624999996769474,75.3150757520882
0.362500000410364,0.4374999994062818,84.75353639181667
0.3875000000902218,0.4125000001309672,94.5060020884476
0.4125000002881278,0.3875000000494764,104.49729780957209
0.4375000005937181,0.3624999994499375,114.65417261901361
0.4624999999039573,0.3374999997642589,124.91066778570492
0.4875000004394679,0.3124999992898665,135.21360007548554
0.5125000001193257,0.2875000002182787,145.52785934556556
0.5375000003754394,0.2625000000785803,155.84143028144013
0.5625000000116414,0.2375000004103639,166.1702907282081
0.5874999999912687,0.2124999998515704,176.56367696097533
0.6125000004685716,0.1874999996391125,187.1105227864682
0.6375000001484294,0.1625000003055902,197.94829333893634
0.6625000004627509,0.1375000001076842,209.27591232806958
0.6875000008265488,0.1124999995081452,221.3731270110784
0.7125000000785802,0.0874999999388819,234.62940182504443
0.7375000004976755,0.0624999997555277,249.5857826333505
0.7625000001775333,0.0375000003929017,266.9911847194601
0.7875000005500624,0.012500000136788,287.8638378420675
0.0125000000087311,0.7624999999563443,1.0725764502491208
0.0375000000436557,0.7374999998224666,3.6241644104110673
0.0625000002677552,0.7124999990192008,6.7396316591010805
0.0875000001251464,0.6874999991501682,10.444261136065935
0.1124999998923158,0.6624999999388819,14.761137550773393
0.1375000000378349,0.637499999985448,19.709817244954948
0.1625000001309672,0.6124999998515704,25.304726517231728
0.1874999999185093,0.5874999995721736,31.55333250265461
0.2125000002124579,0.5624999992665835,38.45418417801278
0.2374999999214196,0.5375000000261934,45.99499059410264
0.2625000000669387,0.5125000000145519,54.1509813068968
0.2875000002182787,0.4874999998806742,62.883850430377926
0.3125000005005858,0.4624999991938239,72.14162240274126
0.3375000002997694,0.4374999993829987,81.85973565299504
0.3624999999505234,0.4125000001135049,91.96353745510564
0.3875000000960425,0.3875000000436557,102.37219532190416
0.4125000003055902,0.3624999999097781,113.00381687326004
0.4375000006170012,0.3374999992811353,123.78138100707875
0.4624999999214196,0.312500000197906,134.63897297923882
0.4874999999796273,0.2875000002008164,145.52785935412004
0.5125000001251465,0.2625000000727595,156.42209201169732
0.5375000003929015,0.2374999999388819,167.32362586337942
0.5625000007334164,0.2124999993684468,178.26724218222463
0.5875000004743924,0.1874999996158295,189.3259054746176
0.6125000000087311,0.162500000288128,200.61749873639098
0.6375000001542503,0.1375000001018634,212.31417832488546
0.6625000004802131,0.1124999999679858,224.65588794930562
0.6875000010826625,0.087499998990097,237.96976523574546
0.7125000005617039,0.062499999499414,252.69683966875849
0.737500000037835,0.0375000003754394,269.4253308299516
0.7625000001833541,0.0125000001309672,288.9224895459789
0.0125000000145519,0.7374999998166458,1.2107829101475058
0.037500000061118,0.7124999994673998,4.062282442695434
0.0624999998253769,0.6874999995925463,7.51214186594866
0.0874999996769474,0.6624999999214196,11.589204819553121
0.1124999998981365,0.6374999999796273,16.31966838380064
0.1375000000436557,0.6124999998457497,21.7254785547981
0.1625000001484295,0.5874999995547114,27.822401227393033
0.1875000001746229,0.5624999997089617,34.61782979286816
0.2124999997642589,0.5375000000087312,42.1084663015966
0.2374999999272404,0.5125000000087311,50.2781046614737
0.2625000000727595,0.4874999998748534,59.09583888701685
0.2875000002357409,0.4624999996420228,68.51509494449593
0.3125000000582076,0.437499999825377,78.4738961323604
0.3374999998515704,0.4125000000960427,88.89669994363926
0.3624999999563442,0.387500000037835,99.69796155170651
0.3875000001018633,0.3624999999039573,110.78731899585385
0.4125000003230525,0.3374999997293343,122.07601408799906
0.4375000001746229,0.3124999999417923,133.4839494026096
0.4624999999388819,0.2875000001833541,144.94672205171423
0.487499999985448,0.2625000000669388,156.4220920155828
0.5125000001309671,0.2374999999330612,167.89562128466443
0.5375000004103639,0.2124999998166459,179.38557915131923
0.5625000002910383,0.1875000000582077,190.94756697479284
0.5875000000261934,0.1625000002706656,202.67962176346572
0.6125000000145518,0.1375000000960426,214.72877397494034
0.637500000160071,0.112499999962165,227.30015311779303
0.6625000004976754,0.0874999999039573,240.6696670373465
0.6875000001746229,0.0625000008731148,255.20074099459796
0.7125000001135048,0.0375000003579771,271.363817024258
0.7375000000436557,0.0125000001251464,289.752358434319
0.0125000000203726,0.7124999994499375,1.357189160996805
0.0375000005442416,0.687499999103602,4.528199790693101
0.0625000003143213,0.662499999438296,8.336583079452556
0.0874999996944097,0.6374999999738064,12.81501252932177
0.1124999999039573,0.6124999998399288,17.992961800612182
0.1375000000494764,0.587499999537249,23.894756520750416
0.1625000006315531,0.5624999992200173,30.5372354668224
0.1875000004307366,0.5374999995256075,37.92710798456822
0.2124999997817212,0.5125000000029104,46.05820099407611
0.2374999999330612,0.4874999998690328,54.908907268522356
0.2625000000785803,0.4624999996245605,64.44026946730567
0.2875000007188646,0.4374999993364326,74.59521528388831
0.3125000005471519,0.412499999612919,85.29944031255182
0.3374999998690326,0.3875000000320142,96.46429643107922
0.3624999999621649,0.3624999998981366,107.9917547109873
0.3875000001076841,0.337499999711872,119.78114790922987
0.4125000008061761,0.3124999992200173,131.73705271338497
0.4375000006635673,0.2874999997002305,143.7774618795557
0.4624999999563442,0.262500000061118,155.841430300842
0.4874999999912688,0.2374999999272404,167.89562128879732
0.5125000001367879,0.2124999997991836,179.93959351285608
0.5375000008934876,0.1874999993364326,192.01009725223992
0.5625000007799826,0.162499999787542,204.18500032874067
0.5875000000436555,0.1375000000902219,216.58768763492483
0.6125000000203726,0.1124999999563442,229.3928120669826
0.6375000001658918,0.087499999886495,242.8341117637818
0.662500000980799,0.0624999994528479,257.214433884331
0.6875000008963978,0.0374999998748534,272.91668089423086
0.7125000001309671,0.0125000001193257,290.4111418243064
0.0125000004918547,0.687499999080319,1.5128991292428293
0.0375000000960426,0.6624999998864951,5.025542014157139
0.0625000003376044,0.6374999995023243,9.219573860201766
0.087499999711872,0.612499999834108,14.131814882265182
0.1124999999097781,0.5874999995197868,19.795195121036983
0.1375000005209585,0.5625000003608875,26.236372262188695
0.162500000183354,0.5374999999738067,33.47287606756433
0.1875000004540197,0.5124999995314283,41.50990684919706
0.2124999997991835,0.487499999863212,50.33705729401746
0.2374999999388819,0.4624999996070983,59.92539468680074
0.2625000005500624,0.4375000002444722,70.22548148682174
0.2875000002706655,0.412500000061118,81.16700023706511
0.312500000570435,0.3874999995605321,92.66056811552852
0.337499999886495,0.3624999998923158,104.60207447940932
0.3624999999679857,0.3374999996944098,116.87944736893253
0.3875000001135049,0.3124999996623955,129.38124809893714
0.4125000003579771,0.2875000001484295,142.00611235583844
0.437500000919681,0.2624999991239746,154.67190374859103
0.4624999999738065,0.2374999999214196,167.32362588422308
0.4874999999970895,0.2124999997817213,179.93959352294314
0.5125000001426087,0.1874999997788109,192.53586997138078
0.5375000004452886,0.1625000002357411,205.1694847523688
0.5625000008032656,0.1374999996187397,217.9412061096081
0.587500000061118,0.1124999999505235,230.99870383230197
0.6125000000261934,0.0874999998690327,244.54074776343228
0.6375000001717126,0.0625000001280568,258.82252577780037
0.6625000005326,0.0375000003230525,274.1610693768559
0.687500000919681,0.0124999996478436,290.93751746666936
0.0125000000320142,0.6624999998690327,1.6791289414183372
0.0375000001135049,0.637499999962165,5.558336947204455
0.0625000003608875,0.6124999993626261,10.168521275991734
0.0874999997293343,0.5874999995023245,15.55102199415072
0.1124999999155988,0.5624999996391125,21.74241789324521
0.137500000061118,0.5374999999563442,28.771592219413105
0.1625000002008164,0.5124999999912689,36.656221425588235
0.1875000004773028,0.4874999993917298,45.39887507391304
0.2124999998166458,0.462499999589636,54.98311162708132
0.237500000410364,0.4374999992898665,65.37017605033806
0.2625000000902218,0.4125000000436558,76.49707806999105
0.2875000002881278,0.3875000000203727,88.27689880589548
0.3125000008265488,0.3624999989551724,100.6019817232925
0.3374999999039573,0.3374999996769475,113.35024517483275
0.3625000004394679,0.3124999991734512,126.39421989609056
0.3875000001193257,0.2875000001309672,139.61176185026207
0.4125000003754394,0.2625000000494764,152.89702984424054
0.4375000002444721,0.2374999999155989,166.17029097657334
0.4624999999912687,0.212499999764259,179.38557919058383
0.4875000004685716,0.1874999992898666,192.53587022937387
0.5125000001484294,0.1625000002182787,205.6560996670514
0.5375000004627508,0.1375000000785803,218.8247959767208
0.5625000010593793,0.1124999990133801,232.1652202437977
0.5875000000785802,0.0874999998515705,245.84674827651756
0.6125000000320142,0.0625000003376044,260.08672477061873
0.6375000001775333,0.0375000003055902,275.15209625524335
0.6625000005500624,0.0125000001076841,291.35859088282484
0.0125000000378349,0.6374999999563442,1.85723088766625
0.0375000001309672,0.6124999998224666,6.1310992643017
0.0625000003841705,0.5874999990192009,11.191790878884584
0.0874999997467966,0.5624999996158295,17.085603673732717
0.1124999999214196,0.5374999999388818,23.852964528680964
0.1375000000669388,0.5124999999854482,31.52478520472494
0.1625000002182787,0.4874999998515704,40.11811372023722
0.1875000005005859,0.4624999991065123,49.631361431666654
0.2125000002997694,0.4374999992665834,60.03965884799188
0.2374999999505234,0.4125000000261934,71.29118621364019
0.2625000000960425,0.3875000000145519,83.30553090956843
0.2875000003055902,0.3624999998806742,95.97511685268184
0.3124999999185092,0.3375000001251464,109.17040260426457
0.3374999999214196,0.3125000000814907,122.74883560210746
0.3624999999796272,0.2875000001135049,136.56665932985058
0.3875000001251465,0.2625000000436557,150.49192411063478
0.4125000003929016,0.2374999999097781,164.41675461032824
0.4375000002677552,0.2124999997467967,178.2672420510117
0.462500000008731,0.1874999999650754,192.01009695648375
0.4875000000087311,0.1625000002008165,205.65609967791397
0.5125000001542502,0.1375000000727596,219.26108289266514
0.537500000480213,0.1124999999388819,232.9254931773125
0.5625000001513398,0.0875000002997694,246.79347751821686
0.5875000005617039,0.0624999993829987,261.0519831024176
0.6125000000378348,0.0375000002881279,275.9295650787808
0.6375000001833541,0.0125000001018634,291.69341944756735
0.0125000000436557,0.6124999998166458,2.0487218079718708
0.0375000001484295,0.5874999994673998,6.7489375214579495
0.0625000006402842,0.5624999988940544,12.298921604234794
0.0874999997642589,0.5374999999214197,18.750444717820812
0.1124999999272404,0.5124999999796273,26.147977682122704
0.1375000000727595,0.4874999998457496,34.524126563684575
0.162500000235741,0.4624999995547113,43.89420842500563
0.1875000000582076,0.4374999997089617,54.25038696719506
0.2124999998515704,0.4125000000087311,65.55617332542461
0.2374999999563442,0.3875000000087311,77.74247651205835
0.2625000001018633,0.3624999998748535,90.70661274807921
0.2875000003230524,0.3374999996420229,104.3155375053837
0.3125000004074535,0.3124999993597157,118.41390622255045
0.3374999999388819,0.2875000000960426,132.83647454569729
0.362499999985448,0.2625000000378349,147.4231608876989
0.3875000001309671,0.2374999999039573,162.034304951716
0.4125000004103639,0.2124999997293344,176.56367705411097
0.4375000000582076,0.1875000004074536,190.94756681236757
0.4625000000261934,0.1625000001833542,205.16948479429777
0.4875000000145519,0.1375000000669388,219.26108289735228
0.512500000160071,0.1124999999330612,233.30053318738223
0.5375000004976754,0.0874999998166458,247.40963993351554
0.5625000008731149,0.0624999998253769,261.75055911644523
0.587500000113505,0.0375000002706656,276.52225640651073
0.6125000000436556,0.0125000000960426,291.9558415661124
0.0125000000494765,0.5874999994499375,2.2553197389647597
0.0375000006315531,0.5624999991036019,7.417689238740797
0.0624999997322447,0.5375000003696186,13.50089915675281
0.0874999997817212,0.5124999999738065,20.562799518034865
0.1124999999330611,0.4874999998399289,28.652078354905303
0.1375000000785803,0.462499999537249,37.802495741732514
0.1625000007188646,0.4374999992200173,48.02606735697767
0.1875000007799826,0.4124999990599462,59.305840275392384
0.2124999998690327,0.3875000000029104,71.58943849857803
0.237499999962165,0.3624999998690328,84.78505045020843
0.2625000001076841,0.3374999996245605,98.76171369888974
0.2875000008061761,0.3124999991036019,113.35534878887337
0.3124999999650753,0.2875000005442416,128.38082311169933
0.3374999999563442,0.2625000000320141,143.6487123501427
0.3624999999912688,0.2374999998981366,158.98392609596172
0.3875000001367879,0.2124999997118721,174.24281148491963
0.4125000004278262,0.1875000001513399,189.32590526379272
0.4375000007799826,0.1624999997002306,204.18500045328233
0.4625000000436557,0.137500000061118,218.8247959997328
0.4875000000203726,0.1124999999272404,233.30053319204458
0.5125000001658918,0.0874999997991836,247.71334154276337
0.537500000980799,0.0624999993364326,262.20470739326197
0.562500000896398,0.037499999787542,276.9507088656055
0.5875000001309671,0.0125000000902218,292.1557107329593
0.0125000005209585,0.5624999990803188,2.4789900317528484
0.0375000001833541,0.5374999998864949,8.144093243396203
0.0625000004540197,0.5124999995023245,14.810510253439997
0.0874999997991835,0.4874999998341081,22.5428798536164
0.1124999999388819,0.4624999995197868,31.39423185545779
0.1375000005500624,0.4375000001280569,41.398627805248054
0.1625000002706655,0.4124999999738065,52.56253796373182
0.1874999998719431,0.3875000004627509,64.85593475072135
0.212499999886495,0.362499999863212,78.20484192009427
0.2374999999679857,0.3374999996070983,92.48769461939396
0.2625000001135049,0.3124999995459802,107.5379215694
0.287500000357977,0.287500000061118,123.15422136081327
0.3125000006868503,0.2624999995605321,139.11808307656372
0.3374999999738065,0.2374999998923158,155.21578930387614
0.3624999999970895,0.2124999996944098,171.260566409736
0.3875000006082701,0.1874999994295649,187.11052300589094
0.4125000004452885,0.1625000001484295,202.67962186365523
0.4375000010360963,0.1374999991239746,217.9412064686148
0.462500000061118,0.1124999999214196,232.9254931995395
0.4875000000261934,0.0874999997817213,247.71334155410614
0.5125000001717126,0.0625000000116415,262.428407479823
0.5375000005326,0.037500000235741,277.22903086305587
0.5625000009196811,0.0124999996187397,292.30012628659017
0.012500000061118,0.5374999998690329,2.7220039705395167
0.0375000002008164,0.512499999962165,8.936014325918675
0.0625000004773028,0.487499999362626,16.242799529645175
0.0874999998166458,0.4624999995023245,24.71462301910569
0.112500000410364,0.4374999991734511,34.40887715465428
0.1375000000902218,0.4124999999563442,45.35860110449378
0.1625000002881278,0.3874999999912687,57.561501169534196
0.1875000005937181,0.3624999993917299,70.96898753652306
0.2124999999039573,0.337499999589636,85.47782280775134
0.2375000004394678,0.3124999990570359,100.92769222469038
0.2625000001193256,0.2875000000436557,117.10768231903225
0.2875000003754393,0.2625000000203726,133.77283255984077
0.3125000007101334,0.2374999994208337,150.66880927958755
0.3374999999912688,0.2124999996769475,167.55978830881853
0.3625000004685716,0.1874999991734512,184.25335856574458
0.3875000001484295,0.1625000001309673,200.61749883805666
0.4125000004627508,0.1375000000494765,216.5876876904111
0.4375000001280569,0.1125000003812602,232.1652194993801
0.4625000000785803,0.087499999764259,247.40963997476996
0.4875000000320142,0.0624999999883584,262.4284074945509
0.5125000001775332,0.0375000002182787,277.3660626002563
0.5375000005500624,0.0125000000785803,292.3938900646894
0.0125000000669388,0.5124999999563443,2.987016357003313
0.0375000002182787,0.4874999998224666,9.802734891144523
0.0625000005005858,0.4624999990192008,17.815677194601797
0.0875000002997694,0.4374999989173374,27.106706660610154
0.1124999999505234,0.4124999999388819,37.73741278842726
0.1375000000960426,0.387499999985448,49.73777201234814
0.1625000003055902,0.3624999998515704,63.092078000729096
0.1875000006170012,0.3374999991065124,77.72553707481738
0.2124999999214196,0.3124999999650754,93.49539990867748
0.2374999999796273,0.2875000000261934,110.19123052985215
0.2625000001251464,0.2625000000145519,127.54777047876847
0.2875000003929016,0.2374999998806743,145.2704619053198
0.3125000007334164,0.2124999991938239,163.06903441375906
0.3375000000087311,0.1875000000814908,180.6911742034018
0.3625000000087311,0.1625000001135049,197.94829346560866
0.3875000001542502,0.1375000000436557,214.7287740194721
0.4125000004802132,0.1124999999097781,230.99870388603765
0.4375000008498318,0.0874999992811353,246.79347815263998
0.4625000000960426,0.0624999999650754,262.20470703251357
0.487500000037835,0.0375000002008164,277.36606261133545
0.5125000001833541,0.0125000000727595,292.44004921436795
0.0125000000727595,0.4874999998166458,3.2771650813300988
0.037500000235741,0.4624999994673999,10.755343375020532
0.0625000007566996,0.4374999986612238,19.550725632557167
0.0874999998515704,0.4124999999214196,29.753904016615056
0.1124999999563442,0.3874999999796273,41.43017514295017
0.1375000001018634,0.3624999998457497,54.603303033462744
0.1625000003230525,0.3374999995547113,69.23741650674746
0.1875000004074536,0.3124999992433004,85.22083293717837
0.2124999999388819,0.2875000000087311,102.35763094128056
0.237499999985448,0.2625000000087311,120.37319866972068
0.2625000001309671,0.2374999998748535,138.93719038893536
0.2875000004103639,0.2124999996420229,157.70137450803796
0.3125000002910382,0.1874999998253771,176.34341607424653
0.3375000000261934,0.1625000000960427,194.60483640877106
0.3625000000145519,0.137500000037835,212.31417838082
0.387500000160071,0.1124999999039573,229.39281211152564
0.4125000004976754,0.0874999997293343,245.84674837589037
0.4375000008731149,0.0624999997089616,261.75055922678126
0.4625000001135049,0.0375000001833541,277.2290309000573
0.4875000000436557,0.0125000000669388,292.44004921804213
0.0125000000785803,0.4624999994499376,3.596205217347337
0.0375000002532033,0.4374999995692633,11.8072548987263
0.06249999984866,0.4125000003696186,21.474290492958982
0.0874999998690327,0.3874999999738065,32.69892111292725
0.112499999962165,0.3624999998399289,45.54909009916021
0.1375000001076841,0.3374999995372491,60.037483771812916
0.1625000008061761,0.3124999989871866,76.09817785936082
0.1874999999650754,0.2875000004569301,93.56762389090136
0.2124999999563442,0.2625000000029104,112.17870375349294
0.2374999999912688,0.2374999998690328,131.57588044617506
0.2625000001367879,0.2124999996245606,151.35352538273756
0.2875000008934876,0.1874999993364327,171.10970449672217
0.3125000007799826,0.1624999996129191,190.49999774132684
0.3375000000436557,0.1375000000320142,209.27591244200445
0.3625000000203726,0.1124999998981366,227.30015317391633
0.3875000001658918,0.087499999711872,244.54074787151978
0.4125000009807991,0.0624999994528479,261.05198311057217
0.4375000008963979,0.0374999997002305,276.9507089442159
0.4625000001309672,0.012500000061118,292.39389007736486
0.0125000000844011,0.4374999997788109,3.9486888873019583
0.0375000002706656,0.412499999886495,12.97492066572733
0.062500000570435,0.3874999995023244,23.61898032715593
0.087499999886495,0.3624999998341081,35.99491123670141
0.1124999999679857,0.3374999995197868,50.17127280829586
0.1375000001135049,0.3124999994295649,66.14210121103578
0.162500000357977,0.2874999999738065,83.79682900359262
0.1875000006868504,0.2624999995314283,102.89906252530723
0.2124999999738065,0.237499999863212,123.08712896708548
0.2374999999970895,0.2124999996070983,143.90585016247326
0.2625000006082701,0.1875000002444722,164.8671717637295
0.2875000004452886,0.162500000061118,185.52268295079793
0.3125000010360964,0.1374999990948708,205.52426744211368
0.337500000061118,0.1124999998923158,224.65588806067194
0.3625000000261934,0.0874999996944098,242.83411189980112
0.3875000006373739,0.0624999991967342,260.08672551732985
0.4125000005326001,0.0375000001484295,276.522256495759
0.437500000919681,0.0124999995896359,292.30012631278635
0.0125000000902218,0.4124999998690327,4.340211369496557
0.0375000002881279,0.387499999962165,14.27880947237351
0.0625000005937181,0.3624999993626261,26.025748278200897
0.0874999999039573,0.3374999995023245,39.70897701593692
0.1125000004394678,0.3124999989406205,55.39395580648934
0.1375000001193256,0.2874999999563442,73.04418533184581
0.1625000003754394,0.2624999999912688,92.48278125553553
0.1875000007101334,0.2374999993917299,113.37125717780148
0.2124999999912688,0.212499999589636,135.22413719960028
0.2375000004685716,0.1874999992898665,157.4681139087853
0.2625000001484295,0.1625000000436558,179.53294449586272
0.2875000004627509,0.1375000000203727,200.94234978935557
0.3125000003608874,0.112499999886495,221.3731269381062
0.3375000000785803,0.0874999996769475,240.66966724106285
0.3625000000320142,0.0625000001047737,258.82252580450097
0.3875000001775333,0.0375000001309672,275.9295651849427
0.4125000005500624,0.0125000000494765,292.1557107633407
0.0125000000960426,0.3874999999563442,4.77775308576686
0.0375000003055902,0.3624999998224666,15.744789926622392
0.0625000008498318,0.3374999985535395,28.746853721451036
0.0874999999214196,0.31249999984866,43.927115649439116
0.1124999999796273,0.2874999999388819,61.34129611220281
0.1375000001251464,0.2624999999854481,80.90350898032422
0.1625000003929016,0.2374999998515704,102.33818836656425
0.1875000007334165,0.2124999991065123,125.16455609854366
0.2125000004743924,0.1874999992665834,148.73888649256125
0.2375000000087311,0.1625000000261934,172.356382389419
0.2625000001542502,0.1375000000145519,195.37882319886077
0.2875000004802131,0.1124999998806743,217.33638191947367
0.3125000003841705,0.0874999996594852,237.96976495829512
0.3375000005617039,0.0624999991501681,257.2144341983546
0.362500000037835,0.0375000001135049,275.1520963892674
0.3875000001833541,0.0125000000436557,291.95584160183375
0.0125000001018634,0.3624999998166458,5.270163878279911
0.0375000003230525,0.3374999994673998,17.40611581753849
0.0625000006402842,0.3124999988940544,31.85013652462674
0.0874999999388819,0.2874999999214196,48.761320310704754
0.112499999985448,0.2624999999796273,68.1738509093856
0.1375000001309672,0.2374999998457497,89.9222007217936
0.162500000410364,0.2124999995547114,113.58376974228014
0.1875000005238689,0.1874999992433003,138.48180974639624
0.2125000000261934,0.1625000000087311,163.77850383035496
0.2375000000145519,0.1375000000087311,188.63848527722377
0.262500000160071,0.1124999998748535,212.39230866266968
0.2875000004976754,0.0874999996420229,234.6294021206683
0.3125000001746229,0.0625000002910382,255.20074143340454
0.3375000001135048,0.0375000000960426,274.16106956080534
0.3625000000436557,0.0125000000378349,291.69341949283677
0.0125000001076841,0.3374999994499375,5.828863040014903
0.0375000003405148,0.3124999998020939,19.306341890261322
0.0624999999650754,0.2875000003696186,35.425338071929055
0.0874999999563442,0.2624999999738065,54.359949565472874
0.1124999999912688,0.2374999998399289,76.10179061173847
0.1375000001367879,0.2124999995372491,100.35659971844359
0.1625000008934876,0.1874999992200173,126.48301322987169
0.1875000000814907,0.1625000004569301,153.54068026219875
0.2125000000436557,0.1375000000029104,180.4705856704697
0.2375000000203726,0.1124999998690327,206.33666764811048
0.2625000001658918,0.0874999996245606,230.50603283861548
0.2875000005151377,0.0625000000349245,252.69683939456078
0.3125000008963979,0.037499999612919,272.9166811813093
0.3375000001309672,0.0125000000320142,291.3585909451348
0.0125000005791662,0.3124999990803189,6.468875802805204
0.0375000003579771,0.287499999886495,21.503716522402218
0.0625000006868504,0.2624999995023245,39.593669764876466
0.0874999999738065,0.2374999998341081,60.92313075877512
0.1124999999970896,0.2124999995197867,85.40325472832981
0.13750000060827,0.1875000001280569,112.53068990811413
0.1625000004452886,0.1624999999738065,141.3412354872376
0.1875000008032657,0.1374999995314283,170.55554129519354
0.212500000061118,0.112499999863212,198.8961216317752
0.2375000000261934,0.0874999996070983,225.4043149709884
0.2625000006373739,0.0625000004773028,249.58578222765846
0.2875000005326001,0.037500000061118,271.3638172933695
0.312500000919681,0.0124999995605321,290.9375175650015
0.0125000001193257,0.2874999998690327,7.2104083408051896
0.0375000003754394,0.262499999962165,24.077993574267666
0.0625000007101334,0.237499999362626,44.52268715192181
0.0874999999912688,0.2124999995023244,68.72600144066077
0.1125000004685717,0.1874999991734511,96.44932492365413
0.1375000001484295,0.1624999999563442,126.84838757450612
0.1625000004627509,0.1374999999912688,158.4927826823995
0.1875000008265488,0.1124999993917299,189.70339581416383
0.2125000000785803,0.087499999589636,219.05299497118224
0.2375000000320142,0.0624999999883584,245.7035273614038
0.2625000001775333,0.0375000000436557,269.42533111579615
0.2875000005500624,0.0125000000203726,290.4111419159245
0.0125000001251464,0.2624999999563442,8.081324694127295
0.0375000003929017,0.2374999998224666,27.14135761170524
0.0625000009662472,0.2124999985535395,50.45013454899151
0.0875000004743924,0.1874999991501681,78.15419076514567
0.1125000000087311,0.1624999999388819,109.73620740075673
0.1375000001542503,0.1374999999854481,143.79721453124185
0.1625000004802131,0.1124999998515704,178.26520963009813
0.1875000008498318,0.0874999991065123,211.0695373711814
0.2125000005617039,0.0624999990337528,240.8151880288184
0.2375000000378349,0.0375000000261934,266.99118506090787
0.2625000001833541,0.0125000000145519,289.75235853161917
0.0125000001309672,0.2374999998166458,9.121174666108173
0.037500000410364,0.2124999994673999,30.856643423498905
0.0625000007566996,0.187499999126885,57.72339082777084
0.0875000000261934,0.1624999999214196,89.75807815115367
0.1125000000145519,0.1374999999796273,125.92120095377534
0.137500000160071,0.1124999998457497,163.9264304863778
0.1625000004976754,0.0874999995547113,200.90595869718808
0.1875000008731149,0.0624999992433003,234.5756647154984
0.2125000001135049,0.0375000000087311,263.9002920750273
0.2375000000436557,0.0125000000087311,288.9224896625129
0.012500000136788,0.2124999994499376,10.388054048096738
0.0375000008934876,0.1874999988707713,35.46914675996666
0.0625000000814907,0.1625000003696186,66.86700177823903
0.0875000000436557,0.1374999999738065,104.33396633660311
0.1125000000203726,0.1124999998399289,145.84643247800082
0.1375000001658918,0.0874999995372491,187.76775579703406
0.1625000005151377,0.0624999999185092,226.4621921594857
0.187500000896398,0.0374999995256075,259.90875650968627
0.2125000001309672,0.0125000000029103,287.8638380046813
0.0125000001426087,0.1874999997788108,11.970908905226228
0.0375000004452886,0.162499999886495,41.36525925000711
0.0625000008032657,0.1374999995023244,78.70202903229249
0.087500000061118,0.1124999998341081,123.03563113261195
0.1125000000261934,0.0874999995197868,170.5024295674771
0.1375000006373738,0.0625000003608875,215.65505794908316
0.1625000005326001,0.0374999999738065,254.631278536146
0.187500000919681,0.0124999995314283,286.48817239108683
0.0125000001484295,0.1624999998690327,14.013086468449766
0.0375000004627508,0.137499999962165,49.187787457798464
0.0625000008265488,0.112499999362626,94.56135787019497
0.0875000000785803,0.0874999995023244,147.48694661282659
0.1125000000320142,0.0624999998719431,200.82234604632563
0.1375000001775333,0.0374999999563442,247.42588730126195
0.1625000005500624,0.0124999999912688,284.6521959669242
0.0125000001542503,0.1374999999563442,16.761238209192125
0.0375000004802132,0.1124999998224666,60.080858095796344
0.0625000010826625,0.0874999985535395,116.67072118100766
0.0875000005617039,0.0624999989173374,179.73898481915393
0.1125000000378349,0.0374999999388819,237.14906237125098
0.1375000001833541,0.012499999985448,282.10996825723737
0.012500000160071,0.1124999998166458,20.678216761976714
0.0375000004976755,0.0874999994673999,76.25842485539586
0.0625000001746229,0.0625000000582076,148.71774216349772
0.0875000001135049,0.0374999999214196,221.5872685721219
0.1125000000436557,0.0124999999796273,278.39824158346255
0.0125000001658918,0.0874999994499376,26.744054827777394
0.0375000005151377,0.0624999998020939,102.44513442357608
0.0625000011292286,0.0374999989726347,196.01612617924704
0.0875000001309672,0.0124999999738065,272.5380263339967
0.0125000006373739,0.0624999990803189,37.4443073446884
0.0375000005326,0.037499999886495,149.5383790973412
0.0625000002211891,0.012500000433647,262.0423687596053
0.0125000001775333,0.0374999998690327,61.29615388981278
0.0375000005500623,0.012499999962165,238.3971276390611
0.0125000001833541,0.0124999999563442,149.9440468361788
0.9999999999999998,0.987500000046566,1.3225356955103127e-15
0.9999999999999998,0.962500000139698,3.976244050347708e-15
0.9999999999999998,0.937500000465661,6.655943342964074e-15
0.9999999999999998,0.9125000005587932,9.379229869932287e-15
0.9999999999999998,0.8875000001862644,1.2164110535582341e-14
0.9999999999999998,0.862500000046566,1.502918185511044e-14
0.9999999999999998,0.8375000001396982,1.7993824984085867e-14
0.9999999999999998,0.8125000004656611,2.1078422167766172e-14
0.9999999999999998,0.7875000005587934,2.4304602092649318e-14
0.9999999999999998,0.7625000001862644,2.7695522559847222e-14
0.9999999999999998,0.7375000000465661,3.127620144498003e-14
0.9999999999999998,0.7125000001396983,3.507391000248054e-14
0.9999999999999998,0.6875000004656612,3.9118645396207774e-14
0.9999999999999998,0.6625000005587935,4.344370550331648e-14
0.9999999999999998,0.6375000001862645,4.808639499348833e-14
0.9999999999999998,0.6125000000465661,5.308890134683872e-14
0.9999999999999998,0.5875000001396983,5.849939234135995e-14
0.9999999999999998,0.5625000004656612,6.437340243487035e-14
0.9999999999999998,0.5375000005587935,7.077560108171856e-14
1.0,0.5125000001862645,0.0
1.0,0.4875000000465661,0.0
1.0,0.4625000001396983,0.0
1.0,0.4375000004656612,0.0
1.0,0.4125000005587935,0.0
1.0,0.3875000001862645,0.0
1.0,0.3625000000465661,0.0
1.0,0.3375000001396983,0.0
1.0,0.3125000004656612,0.0
1.0,0.2875000005587935,0.0
1.0,0.2625000001862645,0.0
1.0,0.2375000000465661,0.0
1.0,0.2125000001396985,0.0
1.0,0.1875000004656614,0.0
1.0,0.1625000005587936,0.0
1.0,0.1375000001862645,0.0
1.0,0.1125000000465661,0.0
1.0,0.0875000001396984,0.0
1.0,0.0625000004656612,0.0
1.0,0.0375000005587935,0.0
1.0,0.0125000001862645,0.0
0.9874999998137352,0.9999999999999998,9.108763657244609e-16
0.9624999994412062,0.9999999999999998,2.726762779452495e-15
0.9374999995343384,0.9999999999999998,4.525100439909511e-15
0.9124999998603012,0.9999999999999998,6.2943565409276e-15
0.8874999999534336,0.9999999999999998,8.023243906753552e-15
0.8624999998137352,0.9999999999999998,9.700811653355962e-15
0.8374999994412062,0.9999999999999998,1.1316528854990513e-14
0.8124999995343384,0.9999999999999998,1.2860359651549785e-14
0.7874999998603013,0.9999999999999998,1.432282901814881e-14
0.7624999999534336,0.9999999999999998,1.569507832881158e-14
0.7374999998137352,0.9999999999999998,1.6968910758919462e-14
0.7124999994412062,0.9999999999999998,1.8136826878207278e-14
0.6874999995343384,0.9999999999999998,1.919205097788665e-14
0.6624999998603013,0.9999999999999998,2.0128549273860994e-14
0.6374999999534336,0.9999999999999998,2.094104098612501e-14
0.6124999998137352,0.9999999999999998,2.1625003801557046e-14
0.5874999994412062,0.9999999999999998,2.2176675180849293e-14
0.5624999995343384,0.9999999999999998,2.2593050848158852e-14
0.5374999998603013,0.9999999999999998,2.2871881848910134e-14
0.5124999999534336,1.0,0.0
0.4874999998137353,1.0,0.0
0.4624999994412063,1.0,0.0
0.4374999995343386,1.0,0.0
0.4124999998603015,1.0,0.0
0.3874999999534337,1.0,0.0
0.3624999998137353,1.0,0.0
0.3374999994412063,1.0,0.0
0.3124999995343386,1.0,0.0
0.2874999998603015,1.0,0.0
0.2624999999534338,1.0,0.0
0.2374999998137354,1.0,0.0
0.2124999994412064,1.0,0.0
0.1874999995343386,1.0,0.0
0.1624999998603015,1.0,0.0
0.1374999999534338,1.0,0.0
0.1124999998137354,1.0,0.0
0.0874999994412064,1.0,0.0
0.0624999995343386,1.0,0.0
0.0374999998603016,1.0,0.0
0.0124999999534338,1.0,0.0
0.0,0.9874999998137354,0.0
0.0,0.9624999994412065,0.0
0.0,0.9374999995343388,0.0
0.0,0.9124999998603016,0.0
0.0,0.8874999999534338,0.0
0.0,0.8624999998137354,0.0
0.0,0.8374999994412065,0.0
0.0,0.8124999995343387,0.0
0.0,0.7874999998603016,0.0
0.0,0.7624999999534338,0.0
0.0,0.7374999998137354,0.0
0.0,0.7124999994412065,0.0
0.0,0.6874999995343387,0.0
0.0,0.6624999998603016,0.0
0.0,0.6374999999534338,0.0
0.0,0.6124999998137354,0.0
0.0,0.5874999994412065,0.0
0.0,0.5624999995343387,0.0
0.0,0.5374999998603016,0.0
0.0,0.5124999999534338,0.0
0.0,0.4874999998137354,0.0
0.0,0.4624999994412064,0.0
0.0,0.4374999995343387,0.0
0.0,0.4124999998603016,0.0
0.0,0.3874999999534338,0.0
0.0,0.3624999998137354,0.0
0.0,0.3374999994412064,0.0
0.0,0.3124999995343387,0.0
0.0,0.2874999998603016,0.0
0.0,0.2624999999534338,0.0
0.0,0.2374999998137354,0.0
0.0,0.2124999994412064,0.0
0.0,0.1874999995343387,0.0
0.0,0.1624999998603016,0.0
0.0,0.1374999999534338,0.0
0.0,0.1124999998137354,0.0
0.0,0.0874999994412064,0.0
0.0,0.0624999995343387,0.0
0.0,0.0374999998603016,0.0
0.0,0.0124999999534338,0.0
0.987500000046566,0.0,300.0
0.9625000001396984,0.0,300.0
0.9375000004656612,0.0,300.0
0.9125000005587935,0.0,300.0
0.8875000001862645,0.0,300.0
0.8625000000465661,0.0,300.0
0.8375000001396983,0.0,300.0
0.8125000004656612,0.0,300.0
0.7875000005587935,0.0,300.0
0.7625000001862645,0.0,300.0
0.7375000000465661,0.0,300.0
0.7125000001396983,0.0,300.0
0.6875000004656612,0.0,300.0
0.6625000005587935,0.0,300.0
0.6375000001862645,0.0,300.0
0.6125000000465661,0.0,300.0
0.5875000001396983,0.0,300.0
0.5625000004656612,0.0,300.0
0.5375000005587935,0.0,300.0
0.5125000001862645,0.0,300.0
0.4875000000465661,0.0,300.0
0.4625000001396983,0.0,300.0
0.4375000004656612,0.0,300.0
0.4125000005587935,0.0,300.0
0.3875000001862645,0.0,300.0
0.3625000000465661,0.0,300.0
0.3375000001396983,0.0,300.0
0.3125000004656612,0.0,300.0
0.2875000005587935,0.0,300.0
0.2625000001862645,0.0,300.0
0.2375000000465661,0.0,300.0
0.2125000001396983,0.0,300.0
0.1875000004656612,0.0,300.0
0.1625000005587935,0.0,300.0
0.1375000001862645,0.0,300.0
0.1125000000465661,0.0,300.0
0.0875000001396983,0.0,300.0
0.0625000004656612,0.0,300.0
0.0375000005587935,0.0,300.0
0.0125000001862645,0.0,300.0
